season,station_i,station_j,distance_km,n_pair_days,chi_0_95,f_madogram,theta_fmadogram
W,6225,6235,53.872032029446856,3067,0.6736601578728708,0.03820558558984313,1.165465776101439
W,6225,6240,22.66335682685925,3067,0.6699507389162561,0.040727906856448774,1.1773585091037473
W,6225,6260,58.63379435758536,3067,0.6707010733044074,0.046747730389979744,1.2062768728337605
W,6225,6267,73.83899598342074,3044,0.649671052631579,0.04354696069771456,1.1908058746384014
W,6225,6269,64.60022808509045,3067,0.6900208986415883,0.04012362499173161,1.1744974396260743
W,6225,6270,116.69493516452644,3067,0.5949014778325123,0.04962543966683999,1.2203740798775582
W,6225,6273,93.89111005520489,3067,0.6989339299815741,0.045360211396356855,1.199543517894348
W,6225,6275,100.4501821885915,3067,0.646875,0.052110744434527886,1.232694773482506
W,6225,6277,152.59862477771836,3066,0.6090676883780333,0.05328222383808535,1.238549825779814
W,6225,6278,115.51343834717343,3067,0.5990376904570971,0.05212579690421769,1.2327698114511414
W,6225,6279,139.95349575590143,2975,0.6055810348168723,0.05301695925883352,1.2372213458968075
W,6225,6280,155.02232988106246,3067,0.5921095980672084,0.053498934393014834,1.239636312268536
W,6225,6283,149.59213845782529,3066,0.595084920226454,0.053306045715481434,1.2386692060825544
W,6225,6285,174.58481341265545,2842,0.5798076923076922,0.05741538439372512,1.2594549488127804
W,6225,6286,192.35398698475598,3060,0.5492386106216964,0.058379693006489444,1.2643886256224506
W,6225,6290,159.96947185446524,3065,0.6108820589705148,0.05152428676001451,1.2297751483030395
W,6225,6308,144.84946002981343,3011,0.5197452229299363,0.0544187551013821,1.2442596304239146
W,6225,6310,131.16611692455237,3067,0.5998114224137931,0.054163265930501955,1.2429735452084074
W,6225,6312,100.20927741215384,3048,0.6432935107249524,0.04620535833547094,1.2036399467652974
W,6225,6316,107.26518694358158,3037,0.6008754012255617,0.046471468556711644,1.2049329439487435
W,6225,6319,145.62508748242348,3065,0.5751616379310345,0.05437513769166659,1.244039964063063
W,6225,6320,84.83028294960604,3067,0.5928939735739607,0.042044545530541565,1.183618494419944
W,6225,6330,60.125275072582426,3067,0.6641849529780564,0.041560614703487125,1.1813134562014398
W,6225,6343,65.53482403538618,3066,0.6235632183908046,0.04374383599382184,1.1917512110290283
W,6225,6344,56.259644831585526,3067,0.632354714251266,0.04410130328052148,1.19346974930116
W,6225,6348,60.35960413495507,3063,0.6955747126436782,0.04530787668350522,1.199290352131163
W,6225,6350,103.10293463657534,3067,0.6285155294693079,0.05658228570104198,1.2552098568750163
W,6225,6356,78.34524614932972,3065,0.6527298850574713,0.049194156740842536,1.2182498628908054
W,6225,6370,125.88473899237061,3067,0.6594827586206896,0.05489667652277256,1.2466693624927796
W,6225,6375,119.09400944471288,3066,0.6325930577757479,0.052792949948399955,1.2361007052205844
W,6225,6380,192.06991478113991,3067,0.5646551724137931,0.06433252476744176,1.2953285632952114
W,6225,6391,155.38677471826318,3067,0.6149847870182557,0.06102778778754082,1.278048523754865
W,6235,6240,67.79812572971173,3069,0.5859294320137693,0.044176740449817405,1.193832760940774
W,6235,6260,95.93907359644993,3069,0.6133607276789277,0.04898224512761698,1.2172076136624672
W,6235,6267,40.52008757065554,3046,0.6417270169288252,0.04227289430789404,1.1847078478954194
W,6235,6269,72.34067520781046,3069,0.6586162833150785,0.03876730907352409,1.1681030414199496
W,6235,6270,72.72342181512458,3069,0.6162650602409638,0.04263871095506688,1.1864552684120053
W,6235,6273,78.4521752808758,3069,0.6419111560746804,0.04283021765128908,1.1873711662710897
W,6235,6275,121.91184619472288,3069,0.5952936746987951,0.05261366080204874,1.2352045925066535
W,6235,6277,108.81347857915645,3068,0.6178491744756804,0.04973985557370433,1.2209383006221033
W,6235,6278,113.67934556886513,3069,0.585983468758756,0.04878169012058018,1.2162221215429678
W,6235,6279,121.98144103014535,2977,0.6264530954311975,0.04784636593597364,1.2116376484953717
W,6235,6280,122.58771101310354,3069,0.6010858721510245,0.046495059423519565,1.2050476423229992
W,6235,6283,158.88368228769454,3068,0.5664448840136667,0.05293941259769654,1.236833279825927
W,6235,6285,129.42449496781154,2844,0.6189291101055807,0.05406259715067419,1.2424672019222436
W,6235,6286,161.01109524577805,3062,0.5729047577169994,0.05291449690525047,1.2367086230216526
W,6235,6290,159.94958691237414,3067,0.5639951108782958,0.049254816413218105,1.21854838701226
W,6235,6308,196.80080977929322,3013,0.4523635945054102,0.06499875114981417,1.298843974915574
W,6235,6310,183.88147809303635,3069,0.5396272590361446,0.05998533971121364,1.2726515506180847
W,6235,6312,151.1424959657555,3050,0.5767716535433071,0.0584301118549689,1.264647175560023
W,6235,6316,159.50890181862175,3039,0.5443812407922737,0.057102313874782866,1.2578578107930722
W,6235,6319,199.44173981714766,3067,0.5396272590361446,0.058602429398057654,1.2655312729435297
W,6235,6320,134.41110447153702,3069,0.5533160680103592,0.052494770546841096,1.2346107580060617
W,6235,6330,113.24088273546182,3069,0.5743702081051478,0.05213521812114787,1.2328167796647627
W,6235,6343,119.39489835689258,3068,0.5590909090909091,0.0508161715235474,1.2262600222982487
W,6235,6344,109.8091081242824,3069,0.5792611003454378,0.047421262929343004,1.2095602777818506
W,6235,6348,106.94203741484645,3065,0.5837751004016064,0.04830667391516874,1.2138914662914297
W,6235,6350,151.799930412651,3069,0.5771169785525079,0.059313699338237595,1.2691878519898094
W,6235,6356,121.41986473735707,3067,0.5814759036144579,0.05148151912379856,1.2295625322873074
W,6235,6370,169.20275299260467,3069,0.6201911092646448,0.05829037084224578,1.2639307227845271
W,6235,6375,154.43695603272113,3068,0.5754208888534269,0.054217795550496585,1.2432479134847931
W,6235,6380,234.6355452477913,3069,0.5471199867965011,0.06547493664882223,1.3013632223828993
W,6235,6391,185.91613460589485,3069,0.5551470588235294,0.06269774397189802,1.286747864240924
W,6240,6260,35.99197266525369,3069,0.6607379375591296,0.03421686316136982,1.1469218632241907
W,6240,6267,75.88682081747318,3046,0.6766640866873065,0.045951482205536645,1.2024078062350938
W,6240,6269,50.891286153925726,3069,0.7129870129870131,0.034937106492950246,1.1502468030914645
W,6240,6270,119.72758871543039,3069,0.585,0.046809421961871385,1.2065772071630896
W,6240,6273,85.72872821645674,3069,0.6797164667393675,0.041312554449623555,1.1801337919770307
W,6240,6275,79.35985524998065,3069,0.6428571428571428,0.03878398321652778,1.168181423910678
W,6240,6277,154.14995314231095,3068,0.5674603174603174,0.054810284549419525,1.2462333816222395
W,6240,6278,100.57878188901049,3069,0.6348837209302325,0.04262485959191817,1.1863890527757464
W,6240,6279,129.82557644977317,2977,0.6223588167499039,0.045467378140985365,1.2000621119559083
W,6240,6280,150.51196154370518,3069,0.6148089171974522,0.04971408937610878,1.220811214400325
W,6240,6283,130.2442499723369,3068,0.6207356076759062,0.04433449625948405,1.1945922870857955
W,6240,6285,176.46635967467464,2844,0.5538461538461539,0.06184762983021721,1.2823110590786095
W,6240,6286,186.33845777383914,3062,0.5488008342022941,0.0561096267382197,1.2528084865905826
W,6240,6290,142.9670114231804,3067,0.6115424430641822,0.046838229364347055,1.206717478831662
W,6240,6308,142.28744671144594,3013,0.569674196948174,0.048162321394771425,1.2131841750933345
W,6240,6310,127.27575895428846,3069,0.5982142857142857,0.04602377747567174,1.2027585375276142
W,6240,6312,100.63865991903508,3050,0.5406074240719909,0.05001321638707024,1.2222874902481167
W,6240,6316,105.06773718987947,3039,0.6141425931329637,0.04486602209976543,1.1971552302324484
W,6240,6319,137.25662851248995,3067,0.5627529226618705,0.04920498383718525,1.2183031403320297
W,6240,6320,87.96418287075147,3069,0.5935914552736983,0.046084278268189074,1.2030521352834624
W,6240,6330,58.237944732978214,3069,0.5762987012987013,0.04144553566896147,1.1807660327957954
W,6240,6343,57.43407728481961,3068,0.6917748917748918,0.038762191301646244,1.168078984726061
W,6240,6344,46.03905406016585,3069,0.7138611388611389,0.03584174153970824,1.1544375905692281
W,6240,6348,39.79479104984562,3065,0.6766666666666666,0.034084728296287434,1.1463129902209463
W,6240,6350,84.23426898192739,3069,0.6049898682877406,0.04604585359014839,1.2028656592490994
W,6240,6356,56.56644045900563,3067,0.6190476190476191,0.036222555638770214,1.1562066291889648
W,6240,6370,104.54205332466647,3069,0.5966748768472906,0.04473451217480575,1.1965205506286134
W,6240,6375,96.46652697198041,3068,0.6194418164616841,0.04234409985725526,1.1850477611849777
W,6240,6380,170.74292827659502,3069,0.5526908023483366,0.05870086500050758,1.2660366193583183
W,6240,6391,132.74360323173048,3069,0.54359243697479,0.05032462183796664,1.2238264502880252
W,6260,6267,89.77561392001587,3046,0.6587898317221625,0.04979543594979139,1.2212124883933342
W,6260,6269,44.81844650594606,3069,0.716596427854706,0.03714083878900971,1.1604844060635515
W,6260,6270,130.82162080060135,3069,0.5921665089877011,0.051643419272367916,1.2303676202925649
W,6260,6273,82.47178048205534,3069,0.7056771649562712,0.04233474822309271,1.1850031133398309
W,6260,6275,47.58048536768872,3069,0.7208609271523179,0.034042314217050236,1.1461176207871704
W,6260,6277,161.29231410853257,3068,0.5401520726024038,0.060251019063838555,1.2740245989226533
W,6260,6278,82.37056531852238,3069,0.6840058524564916,0.04249752144691515,1.1857805080371124
W,6260,6279,118.95521741499219,2977,0.6623327250608273,0.046843275789641516,1.2067420531881883
W,6260,6280,148.25780198990248,3069,0.6495971653941874,0.05159116770140992,1.2301077230657935
W,6260,6283,100.98235131795511,3068,0.6901749530493229,0.04358013118054597,1.1909650922658888
W,6260,6285,183.2979057476203,2844,0.558041958041958,0.06566672532076474,1.3023794360183942
W,6260,6286,180.24839820236787,3062,0.6195195050031421,0.057088441890378164,1.2577870947149616
W,6260,6290,118.24639364668636,3067,0.6865102217103369,0.04480839918365547,1.1968770913316313
W,6260,6308,147.50638782698067,3013,0.5781414772008268,0.052763543501304036,1.235953678348929
W,6260,6310,131.23337367019948,3069,0.642358236754967,0.04525698986293558,1.1990442463284687
W,6260,6312,113.0223091248996,3050,0.572613026020754,0.05303013196823037,1.2372872793494933
W,6260,6316,113.26837583611731,3039,0.6153914988814317,0.04725384250971767,1.2087432073268647
W,6260,6319,133.11599251677964,3067,0.6226041666666666,0.04765808769892036,1.2107170987383502
W,6260,6320,105.09879944712054,3069,0.5988116605805534,0.04866137869344258,1.2156313525865576
W,6260,6330,73.34176842087723,3069,0.5656833232992173,0.04484169959506315,1.197037819831778
W,6260,6343,63.67831911586594,3068,0.6693939393939394,0.038459585216650036,1.1666574973058566
W,6260,6344,52.438410014587895,3069,0.7216227481128143,0.03617079504442885,1.1559660092895339
W,6260,6348,22.575522943731258,3065,0.7375496688741722,0.03074505845117529,1.1310377610503068
W,6260,6350,61.69662339785795,3069,0.6103048236343995,0.043085238029090436,1.1885920159079193
W,6260,6356,26.912466876447397,3067,0.702924944812362,0.03275815830597381,1.140219284245633
W,6260,6370,73.4517779496535,3069,0.6624343457410368,0.040045214443053846,1.174126743325713
W,6260,6375,60.87372417000365,3068,0.6556291390728477,0.03864611001155662,1.1675334741949381
W,6260,6380,138.7042170368064,3069,0.5994965073029122,0.05412988990173547,1.2428056453024217
W,6260,6391,96.75409201675636,3069,0.6358833268406701,0.045167423851791476,1.1986112086970373
W,6267,6269,50.56492602519833,3046,0.6914276431820292,0.042465886736103985,1.1856293793403359
W,6267,6270,43.855767310445906,3046,0.6982050501977487,0.0370510851553091,1.1600655448894999
W,6267,6273,40.22678312937616,3046,0.7100891764294457,0.037967356226101145,1.1643492369542656
W,6267,6275,99.30857479161475,3046,0.6388582922273838,0.05320370329524743,1.2381564202194137
W,6267,6277,78.98709097120633,3045,0.6717076782866256,0.04451095751994085,1.195442495290716
W,6267,6278,78.28741044446686,3046,0.6618342262842736,0.048881641431147274,1.2167131552181627
W,6267,6279,81.61719566487413,2954,0.6848958333333333,0.04728528445301227,1.2088966089643467
W,6267,6280,84.2430300432493,3046,0.6566092650982294,0.045384692840888495,1.1996619652976368
W,6267,6283,126.21553301746978,3045,0.6339712918660287,0.05379388362157716,1.2411167469338547
W,6267,6285,101.15894777249969,2821,0.6726049868766404,0.048391457868471266,1.2143070972044523
W,6267,6286,122.59715494318523,3039,0.6320488721804511,0.04816744015577918,1.213209248011635
W,6267,6290,123.20756085348289,3044,0.634363686995266,0.05250858911410475,1.2346797629485395
W,6267,6308,217.12188740711792,2990,0.5340802987861811,0.06378494877996554,1.2924472624297014
W,6267,6310,202.58876171892763,3046,0.5819548872180451,0.059554531541217794,1.2704286264976798
W,6267,6312,173.53049592251585,3027,0.5711840577052387,0.05548058296242191,1.2496205152619093
W,6267,6316,179.57238737477863,3016,0.5739405106607002,0.0545727788521968,1.2450356703012917
W,6267,6319,213.05019199075986,3044,0.5332080200501254,0.06326409071591906,1.2897132540331968
W,6267,6320,158.61038466719884,3046,0.584870194353809,0.051604689282293385,1.2301749730597955
W,6267,6330,132.1010601006366,3046,0.6259915844657515,0.048646947688148645,1.2155605127249132
W,6267,6343,133.2726223306369,3045,0.6212477759283705,0.0514123304001486,1.22921865171198
W,6267,6344,121.92174734926049,3046,0.6231203007518797,0.048776847395583446,1.216198336074061
W,6267,6348,107.69570707325015,3042,0.6229860365198712,0.049460834223763295,1.2195628614819618
W,6267,6350,151.1883133696692,3046,0.6011278195488722,0.06126247011136128,1.2792670603169556
W,6267,6356,116.64457749800994,3044,0.6528084918177797,0.052122570048603094,1.2327537248494946
W,6267,6370,160.89987282435834,3046,0.5970030710579265,0.06097636294901609,1.2777816855539144
W,6267,6375,139.41725837647417,3045,0.5852977037187563,0.05885746187238964,1.2668410175187585
W,6267,6380,222.95133878678436,3046,0.5062134502923976,0.07015702372134179,1.3264309414973923
W,6267,6391,165.1811077052569,3046,0.5692963752665245,0.06323050254021977,1.2895371719314823
W,6269,6270,87.69400268254824,3069,0.682943722943723,0.0419693094505025,1.1832598134424226
W,6269,6273,38.111622548247425,3069,0.7600277585010409,0.03232608147621014,1.1382419681569895
W,6269,6275,50.2971175314006,3069,0.7571022727272727,0.03861474801552011,1.1673861392380138
W,6269,6277,116.71026875138303,3068,0.5858585858585859,0.05128957735544687,1.2286088076722748
W,6269,6278,50.91361842899327,3069,0.7421599718111346,0.036567431528745205,1.1578112287160645
W,6269,6279,79.31533115951459,2977,0.7633404361427212,0.03854814348391999,1.1670733054362594
W,6269,6280,104.30733758771062,3069,0.6898668210770121,0.04253151076623272,1.1859429087125564
W,6269,6283,88.89068576201822,3068,0.676164631388512,0.04039137898909716,1.175764235667542
W,6269,6285,138.60540910352643,2844,0.6047008547008548,0.05891086137137073,1.2671154477053226
W,6269,6286,137.99150818774672,3062,0.6479539924795399,0.04980365932964017,1.2212530615219153
W,6269,6290,95.89114228561048,3067,0.6720026350461132,0.03970983538200924,1.172542619566793
W,6269,6308,188.22296385004395,3013,0.5655664929550279,0.05586663777120391,1.2515759567840081
W,6269,6310,172.37309188713542,3069,0.6034801136363637,0.05175829152266152,1.230939203308334
W,6269,6312,149.46314545490128,3050,0.5782868050584586,0.05326394275039098,1.2384582210727184
W,6269,6316,152.1591128992984,3039,0.584510231811257,0.04937079745555946,1.2191193876330755
W,6269,6319,176.95826824200006,3067,0.5757339015151515,0.050980561714054684,1.2270750767880527
W,6269,6320,138.1156527456457,3069,0.6008496176720476,0.05021815048567201,1.2233000310701612
W,6269,6330,107.25543939785085,3069,0.5681818181818181,0.04703970703427565,1.2076990313048703
W,6269,6343,102.35081637578038,3068,0.6613636363636364,0.0428584264978359,1.1875061424385327
W,6269,6344,90.38908226223386,3069,0.6787878787878787,0.0387967344411326,1.1682413692111235
W,6269,6348,66.4250897929886,3065,0.7127272727272728,0.03516938962864978,1.1513213150939143
W,6269,6350,105.75402644413522,3069,0.6379110251450677,0.04948565638921508,1.2196851536073066
W,6269,6356,70.17080754135154,3067,0.6909090909090909,0.0397168911685273,1.1725759229764356
W,6269,6370,111.40284418526527,3069,0.6672936259143156,0.045334002666943075,1.199416727588426
W,6269,6375,88.85447322537497,3068,0.6785470600040135,0.041824951522181394,1.1825719303621407
W,6269,6380,172.4638536502902,3069,0.6067662930676629,0.05677305997319083,1.2561805470116814
W,6269,6391,115.78178507775725,3069,0.6438502673796791,0.05195243486919068,1.231905890857918
W,6270,6273,58.664228195900826,3069,0.6740676117775355,0.036468173556052016,1.1573491677403165
W,6270,6275,130.17446653304043,3069,0.6460714285714286,0.05278727489905806,1.23607232950334
W,6270,6277,36.378592037454034,3068,0.7282539682539682,0.03521741274927791,1.1515435978683954
W,6270,6278,94.08639026987193,3069,0.6109966777408637,0.045153086341640364,1.1985419049168502
W,6270,6279,76.1808597224629,2977,0.6854443967367969,0.04047767089418411,1.1761728139433378
W,6270,6280,56.61067916614565,3069,0.7189808917197453,0.03599205239204148,1.1551354996292058
W,6270,6283,142.23268816751872,3068,0.5863752665245203,0.0529841586455957,1.2370571856472024
W,6270,6285,57.959417192992895,2844,0.6567956583294006,0.04382296260336361,1.1921313832605758
W,6270,6286,93.11955803889865,3062,0.6636913451511992,0.03900980957955112,1.1692435561111267
W,6270,6290,130.52337568321653,3067,0.622111801242236,0.04937880696239679,1.2191588310773314
W,6270,6308,260.7885795644382,3013,0.4859909428960642,0.06712101140997224,1.3101144346534288
W,6270,6310,246.36942035053892,3069,0.4734375,0.06506683058583054,1.299203809511571
W,6270,6312,216.8204082632082,3050,0.5027671541057368,0.06426936172137904,1.2949958349281052
W,6270,6316,223.20404749885256,3039,0.5135398782581552,0.061036701944747404,1.278094784758359
W,6270,6319,256.8100127370961,3067,0.4531473214285714,0.06654976352777832,1.3070699145046758
W,6270,6320,201.47385579491882,3069,0.4819225634178905,0.060163029083979906,1.2735696772314624
W,6270,6330,175.72262896524816,3069,0.5255844155844156,0.05484834222394878,1.2464254204868854
W,6270,6343,177.1269190414319,3068,0.5714718614718615,0.054855598809242116,1.2464620409130331
W,6270,6344,165.75265434927996,3069,0.5718281718281718,0.05158676047564718,1.2300858044707468
W,6270,6348,150.17015903015977,3065,0.588095238095238,0.05043157437810488,1.2243554996476547
W,6270,6350,192.51144289704206,3069,0.5378723404255319,0.06344783860360322,1.2906770105118848
W,6270,6356,157.25465730723363,3067,0.5829761904761905,0.05303427666400141,1.237308025627432
W,6270,6370,198.83000640298218,3069,0.5359605911330049,0.062048228606326396,1.2833564454317572
W,6270,6375,173.99143120259458,3068,0.5428192999053927,0.05942967465905663,1.2697851908798707
W,6270,6380,257.72889942791113,3069,0.47741682974559685,0.07398011589138188,1.3473082766837234
W,6270,6391,194.2686970011823,3069,0.5096218487394958,0.06397790815221739,1.2934617733752463
W,6273,6275,71.97294870280207,3069,0.7150047709923664,0.04382112347949899,1.1921225454968196
W,6273,6277,81.62877772195519,3068,0.6242013005371784,0.04676654017279434,1.20636843621662
W,6273,6278,38.92076200454456,3069,0.699272146280845,0.03549830353807628,1.1528446669127983
W,6273,6279,46.46550497260437,2977,0.7253649635036497,0.03520404955395796,1.1514817395468886
W,6273,6280,66.21368736127677,3069,0.6721446978168911,0.03827927872524715,1.1658113962031547
W,6273,6283,87.7302462422659,3068,0.6793323459040674,0.04301850579907328,1.1882724195398549
W,6273,6285,102.77385499168993,2844,0.635561160151324,0.05259472261766903,1.2351099786993534
W,6273,6286,100.71941609534596,3062,0.6346464590182204,0.043509077729071734,1.1906240654803166
W,6273,6290,82.99544300272532,3067,0.7142383006969797,0.04146976653259214,1.1808812745846553
W,6273,6308,225.89151795610871,3013,0.560120581514076,0.06367160811401301,1.291851776313701
W,6273,6310,210.17107631385153,3069,0.6101204675572519,0.058301612004132496,1.2639883395031903
W,6273,6312,186.05718269708495,3050,0.5815351325359139,0.0590398463327542,1.2677786001376734
W,6273,6316,189.46332715322708,3039,0.5857655689090058,0.05572415986157568,1.2508538832281022
W,6273,6319,215.05567699272694,3067,0.5715052480916031,0.05991745177663856,1.272300967255024
W,6273,6320,173.68408140216823,3069,0.6112577584361847,0.05537331913289412,1.2490778062391834
W,6273,6330,143.6390360467501,3069,0.5937196391394866,0.05161179495533388,1.2302103149666594
W,6273,6343,139.93661161276688,3068,0.6259906759906759,0.04790419792850613,1.2119205606820946
W,6273,6344,127.96812301177441,3069,0.6435701702877276,0.04547690150779764,1.2001082086197994
W,6273,6348,104.4363187063178,3065,0.6721119592875318,0.04248202770247085,1.1857064870660177
W,6273,6350,142.14241427396908,3069,0.6479346001840723,0.055445956685652144,1.2494452925105703
W,6273,6356,106.57750672272294,3067,0.6626272264631043,0.04474124868619303,1.196553052773073
W,6273,6370,143.5436215953086,3069,0.6465912082126876,0.05324653241624163,1.2383709865945645
W,6273,6375,116.66284607670545,3068,0.6272685910722411,0.04934062372768371,1.2189708073348464
W,6273,6380,199.9595704835628,3069,0.608281919899613,0.0644071572479941,1.2957218343675254
W,6273,6391,135.60471706008872,3069,0.6294342164346655,0.05510352378724949,1.2477139142855285
W,6275,6277,152.489146145073,3068,0.5667824074074075,0.06232469175492966,1.284798756433533
W,6275,6278,49.75683744938688,3069,0.7238372093023255,0.03947496645196048,1.171434617344608
W,6275,6279,90.66108594254138,2977,0.6939108720706877,0.04481886603304791,1.1969276083235119
W,6275,6280,128.23074778500722,3069,0.6499004777070063,0.05240203401963179,1.2341477754701422
W,6275,6283,53.65171626961816,3068,0.7336287313432835,0.03732706775473593,1.161354015561683
W,6275,6285,172.58678223912412,2844,0.5380400421496312,0.06861080659845806,1.31809237527466
W,6275,6286,153.2593057650318,3062,0.5893932481751825,0.05708945301337626,1.2577922490299172
W,6275,6290,73.59753591432357,3067,0.7018115942028986,0.04015955280429385,1.1746673353734023
W,6275,6308,187.40113778821018,3013,0.599422770700637,0.055102554258239025,1.2477090160244395
W,6275,6310,170.89995235007572,3069,0.6046875,0.05120659577310123,1.2281967394833302
W,6275,6312,157.65278525498422,3050,0.5720226377952755,0.05619468499998971,1.2532402524291013
W,6275,6316,156.0348343766241,3039,0.5655312143852096,0.05216460416029557,1.2329632925172669
W,6275,6319,166.65885179701775,3067,0.59765625,0.050485407930862106,1.2246218869046064
W,6275,6320,151.46593712510548,3069,0.5770443925233645,0.05413760828591851,1.2428444708143735
W,6275,6330,119.98100968012236,3069,0.5599431818181818,0.0512881184413369,1.228601561711183
W,6275,6343,108.35899642807576,3068,0.6705492424242424,0.043165268048001214,1.1889754216522082
W,6275,6344,98.11516702859917,3069,0.7018793706293707,0.04144362556295076,1.1807569488651397
W,6275,6348,65.46537665099532,3065,0.7427083333333333,0.035971884292441726,1.155041830763169
W,6275,6350,84.34217961294394,3069,0.6204122340425532,0.043262672882601404,1.1894422474976796
W,6275,6356,54.41023681534989,3067,0.7364583333333333,0.03534754639993045,1.1521461734509826
W,6275,6370,75.41918770590799,3069,0.6836206896551724,0.03865906606137726,1.1675943460352924
W,6275,6375,45.487278895083165,3068,0.7208609271523179,0.035595004296022595,1.1532929431220489
W,6275,6380,128.03563041781658,3069,0.6353167808219178,0.05196921621592576,1.2319894886551903
W,6275,6391,65.87482455801079,3069,0.6597426470588235,0.04140858465152978,1.1805903175054622
W,6277,6278,108.74461250984209,3068,0.5883505598621878,0.05214143320889467,1.2328477652330585
W,6277,6279,77.81632360173744,2976,0.6247511612475116,0.047282926412232563,1.2088851036145687
W,6277,6280,41.0305634630893,3068,0.6543996225524888,0.04052932978391648,1.1764174839053645
W,6277,6283,152.57517266541652,3067,0.5501934770591488,0.05910139490824267,1.2680951775564941
W,6277,6285,22.33305879748664,2843,0.7229508196721312,0.0336972595286651,1.1445295367323134
W,6277,6286,67.5915331530764,3061,0.6397404703974048,0.04043979389358618,1.1759934535507721
W,6277,6290,134.8569290015438,3066,0.5934782608695652,0.05499306960191648,1.2471560141893616
W,6277,6308,296.00881856944,3012,0.47029185283772224,0.07096350249843622,1.3308040360747049
W,6277,6310,281.31357628438786,3068,0.4642071759259259,0.07338887655225111,1.34405514773803
W,6277,6312,252.50749722257862,3049,0.5042869641294838,0.06839895438343241,1.3169545351111023
W,6277,6316,258.4966931192553,3038,0.5122874299843568,0.06733284861264036,1.3112454846490453
W,6277,6319,290.47203792701896,3066,0.4642071759259259,0.07378094784268993,1.3462114021850844
W,6277,6320,237.42881770463197,3068,0.4942194530979578,0.06452914875433781,1.2963649510397883
W,6277,6330,211.0459206050161,3068,0.5526936026936027,0.06048521445887346,1.2752363126278203
W,6277,6343,211.54288043344502,3067,0.5468855218855219,0.062261537144383955,1.2844691176471754
W,6277,6344,199.95196648171083,3068,0.5184149184149185,0.06275337188210359,1.2870387915955899
W,6277,6348,181.9093446346639,3064,0.5418518518518518,0.0601038558794353,1.2732638450359426
W,6277,6350,222.4536560228232,3068,0.5654846335697399,0.07028319704212146,1.3271140274633886
W,6277,6356,186.84542540883263,3066,0.5587962962962962,0.061341987803013046,1.2796802342480245
W,6277,6370,225.1711982934405,3068,0.5363984674329503,0.06939589682698545,1.3223187903488347
W,6277,6375,197.76043670383547,3067,0.5120922246750061,0.06708723976845817,1.3099342220015728
W,6277,6380,280.28976730595156,3068,0.4490867579908676,0.0809529692441014,1.3863669865316754
W,6277,6391,212.88308468597828,3068,0.48709150326797385,0.07166023922945094,1.3345953179809407
W,6278,6279,40.907469085621464,2977,0.7234288766245327,0.03230351726724767,1.1381388077947394
W,6278,6280,79.70691326186744,3069,0.7127277440379203,0.039842982442665084,1.173171247736978
W,6278,6283,48.93884882701589,3068,0.7103002429711905,0.037415869597902926,1.1617689286719781
W,6278,6285,127.04958709775192,2844,0.5662554426705371,0.05767377676343536,1.2607748477647471
W,6278,6286,103.54391328099777,3062,0.6556611780682398,0.044609123603179215,1.1959157546419859
W,6278,6290,46.51320982044925,3067,0.6921975058982137,0.03622361016801176,1.1562115319459643
W,6278,6308,229.6954506603758,3013,0.5803255484784147,0.06411115568014852,1.2941628652148038
W,6278,6310,213.3379683869265,3069,0.579124273255814,0.060649756661064945,1.2760884172961613
W,6278,6312,194.81906236172318,3050,0.4859229078923274,0.06422225750656242,1.2947477635690838
W,6278,6316,195.6051247495702,3039,0.5478286616660086,0.060058632591322554,1.2730301673837912
W,6278,6319,212.68717549025033,3067,0.560078581871345,0.06143656509721537,1.2801718529536503
W,6278,6320,185.3443571273584,3069,0.530591175831341,0.060618731013946985,1.275927697845814
W,6278,6330,153.7231670381489,3069,0.5440274841437632,0.05776260839407205,1.2612289665707128
W,6278,6343,145.81726870570702,3068,0.6376262626262627,0.04932813550655166,1.2189093191428586
W,6278,6344,134.26195714379818,3069,0.6659619450317125,0.049008913017765,1.2173387210186506
W,6278,6348,104.5419278113374,3065,0.6552325581395348,0.04340596686698462,1.1901293653320237
W,6278,6350,132.49566915053515,3069,0.6001360712518555,0.055487907812477914,1.2496575854187102
W,6278,6356,99.41964537441386,3067,0.7002906976744185,0.043147915561316606,1.1888922784026728
W,6278,6370,125.07419065155138,3069,0.6673015236567763,0.05002438314173538,1.222342639323465
W,6278,6375,94.16805252501544,3068,0.6653511473894964,0.044902992455005175,1.1973337187921003
W,6278,6380,173.44731669104448,3069,0.569847085058936,0.06364550789718659,1.291714690917817
W,6278,6391,104.3007953939102,3069,0.6451778385772914,0.05198502814654115,1.232068262948788
W,6279,6280,41.67204839071235,2977,0.723885381732097,0.033054464815057735,1.1415773889002532
W,6279,6283,75.94696177122945,2976,0.6903845048566009,0.03983041723920861,1.1731119080068078
W,6279,6285,92.47310623850983,2752,0.6032125984251968,0.05360038139365866,1.2401452831030586
W,6279,6286,62.786189383003325,2970,0.7206271965396054,0.03631882846401293,1.1566543163428586
W,6279,6290,57.108224509327236,2975,0.699126299491263,0.03694517799089003,1.1595715074538764
W,6279,6308,266.11709686021373,2921,0.5376885644768856,0.06626923004444156,1.3055777207193842
W,6279,6310,249.9755419997118,2977,0.5501076941486179,0.06363660035324681,1.2916679098419446
W,6279,6312,228.6274171763672,2958,0.49932305156581114,0.06627321105252985,1.305598882713036
W,6279,6316,230.78447834509768,2947,0.5488838153221716,0.061520191328154096,1.2806067240108439
W,6279,6319,251.39300232198067,2976,0.5113677156874477,0.06468120540000906,1.2971670702131932
W,6279,6320,217.41994427874474,2977,0.5442562539862519,0.06276402947346622,1.2870945379808698
W,6279,6330,186.5308491864472,2977,0.5270968186200248,0.058959421305635626,1.2673650641407024
W,6279,6343,180.78686338811988,2976,0.5742472627737226,0.052978927949095075,1.237031009325941
W,6279,6344,168.9122594711955,2977,0.6131386861313869,0.05168605819144226,1.2305797494627708
W,6279,6348,141.5229730025089,2973,0.6552108678021087,0.04637716310426298,1.2044745516854238
W,6279,6350,172.65582408749023,2977,0.5757163089661184,0.060327671566189775,1.2744210525192137
W,6279,6356,138.71322756677876,2975,0.6540275176022221,0.046373108694062345,1.2044548486116406
W,6279,6370,165.96514614064753,2977,0.6204379562043796,0.05510428193438749,1.247717744616552
W,6279,6375,134.84609025748637,2976,0.6310270381412563,0.050685299812737096,1.2256115804428955
W,6279,6380,212.44036272359537,2977,0.5362600430604422,0.06641033535261062,1.3063280367008652
W,6279,6391,141.5420560348451,2977,0.5921673217293655,0.0571367361401805,1.2580333064531002
W,6280,6283,117.50043051492366,3068,0.6224450993440441,0.04881268079662131,1.2163743470574728
W,6280,6285,51.577105918043806,2844,0.6305337519623233,0.04525012127182024,1.199011031727478
W,6280,6286,38.45089478133652,3062,0.7722813705890557,0.030321306138570057,1.1291151015997154
W,6280,6290,96.79444382151765,3067,0.633134865688175,0.043435400755485666,1.1902705589849016
W,6280,6308,291.845779684932,3013,0.5239670096357995,0.07160231204736253,1.334279638107098
W,6280,6310,276.2329773004144,3069,0.5318222531847134,0.06882072193346736,1.3192209154487615
W,6280,6312,251.14992358152776,3050,0.4486684387381514,0.06965674648236204,1.3237264481921622
W,6280,6316,255.15483577190696,3039,0.49361333621996106,0.06636872357836482,1.3061067187129376
W,6280,6319,281.16786332770124,3067,0.47646233974358976,0.06861521519544757,1.318116065343079
W,6280,6320,237.92639539969943,3069,0.4950294660396452,0.06537994954826708,1.3008602547457848
W,6280,6330,208.74391019417652,3069,0.5179212507237985,0.0619916498464934,1.2830614979133046
W,6280,6343,205.90982070231226,3068,0.5578073730939973,0.05787075018771758,1.2617820477260355
W,6280,6344,193.95546510314225,3069,0.6013095185069708,0.05554990842221685,1.2499714117507166
W,6280,6348,170.46166210644336,3065,0.6387685774946921,0.05224751372735026,1.2333767665358544
W,6280,6350,206.36072635977126,3069,0.5451958259926819,0.06648684723419995,1.3067350866289338
W,6280,6356,171.18896689204234,3067,0.661624203821656,0.054106455383754165,1.2426877717205813
W,6280,6370,203.44620029284278,3069,0.5704370744564023,0.062268211760639826,1.284503951659962
W,6280,6375,173.4509601985366,3068,0.5716455055468849,0.05746369602414077,1.2597016132139771
W,6280,6380,253.00500366669922,3069,0.5155309309833348,0.07239147837362406,1.33858763196902
W,6280,6391,182.76628833963846,3069,0.5763394529786436,0.06422075728414343,1.294739863624104
W,6283,6285,168.36831281364067,2843,0.5514888337468983,0.06573111079132096,1.3027207908496308
W,6283,6286,129.60609703745277,3061,0.6347641355267458,0.05253458389451382,1.2348095830589474
W,6283,6290,27.857035910644917,3066,0.7648712956954359,0.03263727507829697,1.13966571717402
W,6283,6308,238.33165851267793,3012,0.5740327027283962,0.058733603142027274,1.266204739632288
W,6283,6310,221.8858005865918,3068,0.5880946828358209,0.05622759581834191,1.2534073560613974
W,6283,6312,210.81463838656643,3049,0.5061111764014572,0.06109508256939857,1.2783978039118633
W,6283,6316,208.53240454331305,3038,0.5620931523439472,0.056455692717745344,1.2545661923322537
W,6283,6319,214.4468692276955,3066,0.595732276119403,0.054492772362542616,1.244632495196632
W,6283,6320,205.07378283668325,3068,0.5546798716696889,0.05810618191379647,1.2629870775990863
W,6283,6330,173.62889434180508,3068,0.5048846675712347,0.055975909429695776,1.2521300560868234
W,6283,6343,161.7324438087878,3067,0.6339712918660287,0.0484886928418573,1.2147839581119242
W,6283,6344,151.6947706607647,3068,0.6143669763072748,0.04799205986145586,1.2123505168813888
W,6283,6348,118.94936122897522,3064,0.6994029850746268,0.04214074537390314,1.184077289901311
W,6283,6350,130.86620164587183,3068,0.6040277336720652,0.049859513177607624,1.2215286766563622
W,6283,6356,106.15215154085901,3066,0.6950248756218905,0.040364466488446785,1.1756368406944857
W,6283,6370,111.72301305866033,3068,0.6748841996911992,0.042641892600107104,1.1864704786475906
W,6283,6375,79.53410076957297,3067,0.6901749530493229,0.0387403880627195,1.167976501996395
W,6283,6380,143.34259983597815,3068,0.6297280719689224,0.05240518752973772,1.2341635160627313
W,6283,6391,70.91913434907396,3068,0.6889266900790167,0.0448350021953696,1.1970054921253592
W,6285,6286,65.27473394792648,2837,0.6251526251526252,0.04310184073352246,1.188671544672974
W,6285,6290,148.36179916296427,2842,0.5915202907328891,0.0619075134828881,1.282623032296492
W,6285,6308,318.2521253084544,2788,0.4216344579102522,0.07782893567066419,1.3687080534252334
W,6285,6310,303.60023866960154,2844,0.47094017094017093,0.0778087971567808,1.3685950660875097
W,6285,6312,274.6119435501655,2833,0.456763925729443,0.07237520628269561,1.3384986434184247
W,6285,6316,280.72099506112716,2814,0.4609089872262774,0.07244111225471642,1.3388591107846313
W,6285,6319,312.7929153394372,2842,0.44822102961637844,0.08109677468715026,1.3871862033365092
W,6285,6320,259.396031879776,2844,0.5130452022204599,0.06839857418059159,1.3169524940782336
W,6285,6330,233.25630546439197,2844,0.48604282315622527,0.06706540814395887,1.3098177387786993
W,6285,6343,233.8672791090715,2843,0.5365494266128517,0.06804540055843569,1.3150581132665586
W,6285,6344,222.2828426803564,2844,0.4904286553141515,0.06929306837605996,1.3217643519912576
W,6285,6348,204.0765898914786,2840,0.5209401709401709,0.06670716917299802,1.3079080216752155
W,6285,6350,244.27135845281677,2844,0.5405485986881335,0.07800690543486939,1.369707023359027
W,6285,6356,208.64540519497086,2842,0.5481651376146789,0.06724545893194661,1.3107787558553747
W,6285,6370,246.09968731113256,2844,0.5114801864801864,0.07606578388978916,1.358856544242771
W,6285,6375,218.02722341496838,2843,0.5097136440202134,0.07289972643453181,1.3413705443265531
W,6285,6380,299.8791606999993,2844,0.4183053788316946,0.08531980885197699,1.4114969109846942
W,6285,6391,231.32317984717605,2844,0.4846153846153846,0.07583681120510057,1.3575831812306127
W,6286,6290,103.9107229181162,3061,0.6254628160372369,0.04734412323684735,1.2091837339013258
W,6286,6308,326.20885783912377,3006,0.4734216935181716,0.0753159347749197,1.3546915975526543
W,6286,6310,310.3110992231246,3062,0.47602075729927007,0.07387685571775997,1.3467394658518153
W,6286,6312,286.7753038267084,3043,0.4172653600781654,0.07460677379690786,1.35076615799843
W,6286,6316,290.05557816323454,3032,0.4500592183181997,0.07111480553284741,1.3316263020979335
W,6286,6319,313.252841744341,3060,0.4231295620437956,0.0749103910152447,1.352445175943744
W,6286,6320,274.2043592964159,3062,0.47438433726720786,0.06987678660512564,1.324915207684805
W,6286,6330,244.353273311794,3062,0.4835102853351029,0.06664182876051494,1.3075600424005247
W,6286,6343,240.3352373836132,3061,0.5206259677062597,0.06157720501188483,1.2809033002654622
W,6286,6344,228.3693809250319,3062,0.5002296973099893,0.06161526048819797,1.2811013018236654
W,6286,6348,202.78235319219067,3058,0.551654501216545,0.057858162049244495,1.2617176529477792
W,6286,6350,235.36607065526468,3062,0.5108971372366309,0.07146532902456583,1.3335334751883474
W,6286,6356,201.14863252288058,3060,0.5784063260340633,0.05793592073158291,1.2621154870916567
W,6286,6370,228.3386509116604,3062,0.5110495846967027,0.06719290920857149,1.3104981902477748
W,6286,6375,196.7895662841218,3061,0.5220669985981534,0.06282061853240864,1.287390582426475
W,6286,6380,271.62700241215623,3062,0.4881261873812619,0.07759256867690241,1.3673825928386767
W,6286,6391,199.51200773054802,3062,0.5274796049806785,0.06815864143324918,1.3156651862131157
W,6290,6308,260.9287741901499,3011,0.5467478729834023,0.06387379888698294,1.2929142928077868
W,6290,6310,244.4292309253354,3067,0.5722373188405797,0.06033933169698759,1.274481371872009
W,6290,6312,230.6540183617789,3048,0.49897295446764806,0.06448451140582914,1.2961295893929417
W,6290,6316,229.50973074484963,3037,0.5604271787586341,0.05922194300811674,1.268715477409563
W,6290,6319,238.91086034922458,3065,0.5742472627737226,0.058465676864581706,1.2648295899145776
W,6290,6320,223.3450118957207,3067,0.5309494785317621,0.06027500027740493,1.2741486170466998
W,6290,6330,191.57960290249338,3067,0.5064558629776021,0.05795053738493442,1.2621902854133653
W,6290,6343,181.19756841740062,3066,0.6173136474231364,0.050990686701812005,1.227125296476641
W,6290,6344,170.43938856376195,3067,0.5980541197932503,0.04929607643552194,1.2187514856567232
W,6290,6348,138.34220247080953,3063,0.6747826086956521,0.044692501935463355,1.1963178824220835
W,6290,6350,155.50984906341648,3067,0.6165587419056429,0.05490318818083251,1.2467022307189133
W,6290,6356,127.93996094855768,3065,0.6932971014492754,0.04505750463158611,1.198079999517734
W,6290,6370,138.5245965231488,3067,0.6435032483758121,0.046846415652546124,1.2067573435174543
W,6290,6375,106.06328011908222,3066,0.6449035416066802,0.041813782165519536,1.1825187250858111
W,6290,6380,170.91761009002386,3067,0.5990669049037125,0.05745374463591163,1.259650800066735
W,6290,6391,98.57362935932852,3067,0.6569693094629157,0.05007360860353457,1.2225857809679397
W,6308,6310,16.501191590337328,3013,0.6949144108280254,0.038038958539576694,1.1646847033651238
W,6308,6312,46.14956202461494,2994,0.5722373875240117,0.042195258917582794,1.1843373610234698
W,6308,6316,37.611876639720506,2984,0.6429616245052487,0.03691686241402791,1.1594394587826002
W,6308,6319,37.69046048296581,3011,0.61422370280638,0.04151265854166671,1.1810852984931943
W,6308,6320,63.91998569561994,3013,0.5893207929043396,0.043245922933949923,1.189361956927628
W,6308,6330,85.07230866243067,3013,0.587492762015055,0.04290114035227287,1.1877105551535856
W,6308,6343,85.95632669915028,3012,0.5926703339123721,0.04665961953994492,1.2058480627408226
W,6308,6344,97.92360353350514,3013,0.6413968197407688,0.047639162445424744,1.2106246097825712
W,6308,6348,125.15871740796432,3009,0.6061783439490446,0.04899782639226886,1.2172842139554112
W,6308,6350,109.72242256280387,3013,0.5472474977252048,0.04934278952823111,1.2189814714229328
W,6308,6356,132.99886247109822,3011,0.6028131634819534,0.04918466623182992,1.218203164567259
W,6308,6370,138.75241457327178,3013,0.6057811394196744,0.049287655219181783,1.2187100299777696
W,6308,6375,163.9876348956715,3012,0.5709889826131864,0.052606644023914795,1.2351695362535817
W,6308,6380,174.39202717494726,3013,0.5591825902335457,0.057209656038270114,1.2584051654171333
W,6308,6391,195.6722304212698,3013,0.57862703467799,0.058044023509947154,1.2626688023134067
W,6310,6312,36.215958498711316,3050,0.5960875984251969,0.04144411449206872,1.1807592740682507
W,6310,6316,24.78647001285205,3039,0.6271732811922,0.03421962707676301,1.1469346029417282
W,6310,6319,30.33694339403384,3067,0.7215797244094488,0.0371888398600114,1.1607084835584465
W,6310,6320,54.105254502895725,3069,0.6005403037383177,0.04242778867027151,1.1854474009554652
W,6310,6330,71.05414768926062,3069,0.5662642045454546,0.041708837478906614,1.1820189472974485
W,6310,6343,70.37369684612277,3068,0.6232244318181819,0.04124433323685724,1.179809585908186
W,6310,6344,82.29878178724744,3069,0.6736505681818181,0.039784087524642686,1.172893141876197
W,6310,6348,108.82627505603531,3065,0.6370833333333333,0.04264628482747065,1.1864914765648422
W,6310,6350,93.72618290113222,3069,0.6259973404255319,0.045199648500199294,1.1987669901799498
W,6310,6356,116.4979131450844,3067,0.6216145833333333,0.04342036441633532,1.1901984277543578
W,6310,6370,123.43639960959302,3069,0.63984375,0.046071013283274266,1.2029877563735532
W,6310,6375,147.93652671235103,3068,0.6279232201986755,0.04860498764803658,1.215354562270343
W,6310,6380,162.34300769025336,3069,0.6671125856164384,0.050378311818069135,1.224092000640701
W,6310,6391,180.2127996288524,3069,0.5990349264705883,0.05504353764578035,1.2474108920884104
W,6312,6316,13.29708977956555,3025,0.6957760732928517,0.02987646670893429,1.1271004942032417
W,6312,6319,62.504807206139056,3048,0.6431471456692913,0.04783057209133402,1.2115603981125205
W,6312,6320,17.999575042942446,3050,0.6872140982377203,0.029438354244191847,1.1251200751685082
W,6312,6330,42.433273017198815,3050,0.664884779310843,0.03743808772508541,1.1618727644088205
W,6312,6343,49.47030946102916,3049,0.6411655929372464,0.04336034864330615,1.1899105717800937
W,6312,6344,60.62679949363589,3050,0.6021144210120588,0.045920354160988996,1.2022568268883365
W,6312,6348,92.32628697458702,3046,0.5888976377952756,0.04910466619317901,1.217809600195229
W,6312,6350,93.33026493354969,3050,0.5911654660188753,0.05290831899343971,1.2366777161870897
W,6312,6356,105.22706785515742,3048,0.5591535433070867,0.05189830083374269,1.2316362599396753
W,6312,6370,126.22504510528883,3050,0.5908226988867771,0.053787895028172696,1.24108666900271
W,6312,6375,144.1475140702168,3049,0.5581164937164311,0.05619727621360659,1.253253408334893
W,6312,6380,176.84960415813228,3050,0.544763240211412,0.06099929990134025,1.2779006953183967
W,6312,6391,180.18431974533004,3050,0.5329434923575729,0.061534216735409285,1.2806796748300728
W,6316,6319,49.317104946401955,3037,0.6657001489678656,0.04314311880398376,1.1888692961832528
W,6316,6320,30.06763781940981,3039,0.6285815694372742,0.03360399114259605,1.1441006805565102
W,6316,6330,47.48190498175671,3039,0.6354288529031464,0.03545586050528049,1.1526479724568068
W,6316,6343,50.00731338867877,3038,0.6885598647471693,0.03741762219824254,1.1617771190336095
W,6316,6344,61.876830697257155,3039,0.6832785948879052,0.04032016810374323,1.1754271791190654
W,6316,6348,91.5751479683586,3035,0.6442953020134228,0.04287231616113242,1.187572609040429
W,6316,6350,86.31356525618874,3039,0.5909902950123123,0.04816930401636862,1.2132183777886294
W,6316,6356,102.39170138398498,3037,0.5743612881394169,0.04428658953797882,1.194361581297681
W,6316,6370,118.59571909196757,3039,0.6213413497390008,0.048265736396145925,1.2136908367813
W,6316,6375,138.84201203304872,3038,0.5886353467561521,0.050108324673952015,1.222757287685473
W,6316,6380,166.28311286888982,3039,0.5307104836843324,0.05593970484112984,1.2519464381345622
W,6316,6391,173.80111114642372,3039,0.5435744469301517,0.0572939090162983,1.2588349705737731
W,6319,6320,79.06944119511623,3067,0.6005403037383177,0.047032186410677794,1.2076623768827819
W,6319,6330,87.09917208591654,3067,0.5662642045454546,0.04588261516795215,1.2020738104308493
W,6319,6343,80.48490377694068,3066,0.6178435114503817,0.04471487867797886,1.1964258289317222
W,6319,6344,91.28707327434243,3067,0.6610365316901409,0.04095332842291763,1.1784277327715722
W,6319,6348,110.73048674220284,3063,0.6245281040268457,0.043229928649052875,1.189285294113932
W,6319,6350,83.58286857197665,3067,0.7103794642857143,0.042921326929308085,1.1878071739421097
W,6319,6356,113.32621476187492,3065,0.6296875,0.04625919276666401,1.2039013993417402
W,6319,6370,108.22814100627969,3067,0.6692618534482759,0.042665863376634416,1.186585080622449
W,6319,6375,136.70868547040317,3066,0.6495757450331126,0.04665119182677103,1.2058070562256564
W,6319,6380,137.48819982592005,3067,0.689105308219178,0.046648649060298315,1.2057946842492275
W,6319,6391,164.92237791018735,3067,0.6217830882352942,0.053820394478385235,1.241249908388195
W,6320,6330,31.79164713431661,3069,0.7005947323704333,0.032448806587387906,1.138803224308111
W,6320,6343,44.23486723951322,3068,0.6463693539165237,0.04097600671657492,1.1785353590058385
W,6320,6344,53.39303727443628,3069,0.6290438533429188,0.04268895766324149,1.1866955035466027
W,6320,6348,86.2051133193942,3065,0.552429906542056,0.045821539783315886,1.2017776878342266
W,6320,6350,95.90505203530941,3069,0.5917677470670113,0.051553191464362116,1.229918868784926
W,6320,6356,101.52101035177863,3067,0.609929906542056,0.04947705973910842,1.2196427987016907
W,6320,6370,129.0218978755549,3069,0.5766032871414759,0.05254281615413156,1.2348506987977226
W,6320,6375,143.18697981764183,3068,0.5588908832085164,0.054799939933359354,1.2461811884084497
W,6320,6380,184.16668918549954,3069,0.5344386122135449,0.06067799065231134,1.2762346951039711
W,6320,6391,180.44186946543144,3069,0.5594076415612974,0.05995770969211848,1.2725088520476895
W,6330,6343,17.109402673317863,3068,0.6333333333333333,0.04034430138684481,1.175541395477394
W,6330,6344,22.53140606251173,3069,0.6192307692307693,0.03849935560341944,1.1668442116858058
W,6330,6348,55.12543904430616,3065,0.5515151515151515,0.041663285854793036,1.1818020881547517
W,6330,6350,73.3335710498946,3069,0.5825918762088975,0.050538710243071355,1.224885708268238
W,6330,6356,71.73961868077272,3067,0.5924242424242424,0.04502756533086095,1.1979353556379981
W,6330,6370,105.35569371338306,3069,0.5835423197492163,0.05158207935131199,1.2300625241591263
W,6330,6375,115.0313663789763,3068,0.5578266104756171,0.0532876725481718,1.2385771301729664
W,6330,6380,165.81305885885286,3069,0.5021170610211706,0.06004863093132262,1.2729784933204693
W,6330,6391,153.00895534379436,3069,0.567312834224599,0.0583752103003711,1.2643656409780573
W,6343,6344,11.970381205993075,3068,0.7284382284382285,0.03240895053037311,1.1386209191434844
W,6343,6348,42.92006278462332,3064,0.6978787878787879,0.03441128877232647,1.1478183982665306
W,6343,6350,56.224236534561534,3068,0.6255411255411255,0.044094918035103056,1.1934390283392287
W,6343,6356,57.296802702655434,3066,0.6471543162719633,0.035274880437094744,1.1518096567290028
W,6343,6370,88.34775672622617,3068,0.615073145245559,0.04306089814297321,1.1884754356454557
W,6343,6375,99.36755813440578,3067,0.5963275135460566,0.04335589229581876,1.1898892006459663
W,6343,6380,148.80867049220907,3068,0.5481527604815276,0.054475637303524733,1.2445461656633923
W,6343,6391,137.03949351670772,3068,0.5672905525846703,0.05101099221059525,1.227226018123462
W,6344,6348,32.82436246226163,3065,0.7034731934731935,0.031045759820281942,1.1324042184089613
W,6344,6350,55.36018507634936,3069,0.6056638397063929,0.04295770061301239,1.1879812904434879
W,6344,6356,49.25295699669596,3067,0.6666958041958042,0.03654010620296635,1.1576840054210542
W,6344,6370,85.63873195901121,3069,0.6597540390643839,0.04281637033952002,1.1873049145321188
W,6344,6375,92.89107456787457,3068,0.6535451303663224,0.042730610635313936,1.1868946910908789
W,6344,6380,148.5867817852313,3069,0.5882986876137561,0.05179494878481251,1.23112166471299
W,6344,6391,131.02422221321183,3069,0.5953568490333196,0.051421318603367586,1.229263318726023
W,6348,6350,44.94980540861478,3065,0.6122695035460993,0.040833218503740346,1.1778578945570912
W,6348,6356,19.496500443473575,3063,0.7275,0.027613848167955753,1.1169121832249385
W,6348,6370,65.59666448229652,3065,0.6849425287356321,0.03819966496952117,1.1654380132357418
W,6348,6375,63.83120811986752,3064,0.691037527593819,0.037050298739638096,1.1600618755720984
W,6348,6380,131.73148821437658,3065,0.6149771689497717,0.05090802926102446,1.2267153838322065
W,6348,6391,102.01433134034501,3065,0.6238725490196079,0.04580685319177772,1.2017064921110274
W,6350,6356,35.62809713159677,3067,0.6324468085106383,0.03956926906524826,1.1718793573353194
W,6350,6370,33.14298112525104,3069,0.7064318904377598,0.0364173510938373,1.1571126580331041
W,6350,6375,54.27267796023597,3068,0.6514489690479546,0.04137003386202228,1.1804070249067686
W,6350,6380,93.23481288185613,3069,0.6203973574273778,0.05130296100702599,1.2286752822000653
W,6350,6391,87.53785926398716,3069,0.628363579474343,0.04783410266737128,1.2115776662926123
W,6356,6370,48.109214508178646,3067,0.6548850574712644,0.03629386487054629,1.1565382129801414
W,6356,6375,44.53817209508827,3066,0.6580573951434878,0.034634845639486225,1.148850189211438
W,6356,6380,114.23026956751664,3067,0.6300799086757991,0.050855255956085095,1.2264537507361446
W,6356,6391,82.8073648703466,3067,0.6745098039215687,0.04347741013798877,1.1904721085155077
W,6370,6375,32.54978547440632,3068,0.7705868919844714,0.02995453198940594,1.1274537636377373
W,6370,6380,66.21697753329887,3069,0.673547472838923,0.04332721686535458,1.1897516929647194
W,6370,6391,56.98351948846195,3069,0.7053498985801216,0.038887626250366646,1.1686687604331398
W,6375,6380,83.85118474132057,3068,0.6803274970516193,0.04541594351639978,1.199813182484715
W,6375,6391,38.2855117722607,3068,0.6847974289053369,0.03626704121531681,1.1564134725742279
W,6380,6391,72.43576437811697,3069,0.6675060435132958,0.04870446272925185,1.2158428732701265
S,6225,6235,53.872032029446856,3116,0.6517135221083257,0.05822153167116926,1.2635779506928482
S,6225,6240,22.66335682685925,3116,0.6117494740249232,0.06160729238536461,1.281059841166518
S,6225,6260,58.63379435758536,3116,0.5410227931234306,0.06996006823667127,1.3253654512956885
S,6225,6267,73.83899598342074,3106,0.5870024656569215,0.06069446810205475,1.2763200720001615
S,6225,6269,64.60022808509045,3115,0.5175568862275449,0.06862727665793715,1.3181808813790863
S,6225,6270,116.69493516452644,3114,0.5170321608438752,0.07533515934118871,1.3547981943799077
S,6225,6273,93.89111005520489,3112,0.4625748502994012,0.076770813994441,1.3627860106671972
S,6225,6275,100.4501821885915,3116,0.4542612887432682,0.08231438649025757,1.3941451839750167
S,6225,6277,152.59862477771836,3116,0.45243971516426607,0.08333316911453098,1.399999054100071
S,6225,6278,115.51343834717343,3106,0.40259687398241617,0.08264507828139077,1.3960421884618968
S,6225,6279,139.95349575590143,3116,0.4267714570858283,0.08291477149865233,1.397591503283768
S,6225,6280,155.02232988106246,3116,0.47490126130717286,0.08379513873953598,1.4026629505756607
S,6225,6283,149.59213845782529,3108,0.3741760177124742,0.08565193763875269,1.4134298934603318
S,6225,6285,174.58481341265545,2985,0.4702251270878722,0.0789839122530801,1.3752061479444402
S,6225,6286,192.35398698475598,3115,0.38234342126557697,0.08972491403896374,1.4373890451027043
S,6225,6290,159.96947185446524,3116,0.40352131557779963,0.0858434862529207,1.4145461119336367
S,6225,6308,144.84946002981343,3024,0.48343495934959346,0.07211978218142634,1.3371026711592728
S,6225,6310,131.16611692455237,3116,0.4764384274928404,0.07135298125187114,1.3329218593903152
S,6225,6312,100.20927741215384,3001,0.6198763825634352,0.058022626005805954,1.262559259454617
S,6225,6316,107.26518694358158,3022,0.5693653195656044,0.06300018676872465,1.2883304974566787
S,6225,6319,145.62508748242348,3092,0.5391182564653518,0.07820452076110367,1.3708172543822368
S,6225,6320,84.83028294960604,3116,0.5865222679640718,0.05510266899011062,1.247709595672471
S,6225,6330,60.125275072582426,3113,0.626198223551139,0.05001308054363813,1.2222868193771497
S,6225,6343,65.53482403538618,3104,0.5898018777260294,0.06139682798462509,1.2799652711242722
S,6225,6344,56.259644831585526,3116,0.5887225548902195,0.06348297206229427,1.2908613776750708
S,6225,6348,60.35960413495507,3114,0.5108104401883256,0.06876475644022945,1.3189199281236317
S,6225,6350,103.10293463657534,3116,0.39422073284623416,0.08952206720819653,1.4361845549129806
S,6225,6356,78.34524614932972,3113,0.4985558295174357,0.07444101133372985,1.3498504946025596
S,6225,6370,125.88473899237061,3116,0.41742929235867887,0.08301076906852536,1.3981434670775312
S,6225,6375,119.09400944471288,3114,0.41190611477774375,0.08113773228896681,1.3874196295233856
S,6225,6380,192.06991478113991,3116,0.34970059880239523,0.08901886885670743,1.4332017317148806
S,6225,6391,155.38677471826318,3116,0.38187428823334923,0.09069129276051476,1.4431437257817805
S,6235,6240,67.79812572971173,3128,0.5644945793250878,0.06012097537489518,1.2733523173837824
S,6235,6260,95.93907359644993,3128,0.5074266447967924,0.07238014002597107,1.3385256242793167
S,6235,6267,40.52008757065554,3118,0.6371302758391493,0.06145911801192934,1.2802891157299272
S,6235,6269,72.34067520781046,3127,0.4982146892655367,0.06625018161221927,1.3054764696315808
S,6235,6270,72.72342181512458,3126,0.6136117035207842,0.06111070317218522,1.2784788948551653
S,6235,6273,78.4521752808758,3124,0.5344110115236875,0.07135313671259882,1.3329227054894257
S,6235,6275,121.91184619472288,3128,0.4178658991578723,0.08131137418363693,1.3884097592815912
S,6235,6277,108.81347857915645,3128,0.5024622079706825,0.07544731741579536,1.3554202835631892
S,6235,6278,113.67934556886513,3118,0.4477886977886978,0.07715337683407404,1.3649236986045359
S,6235,6279,121.98144103014535,3128,0.4407956685499058,0.07751007306874844,1.366920336452713
S,6235,6280,122.58771101310354,3128,0.521021156388989,0.07471021560705486,1.3513379269793444
S,6235,6283,158.88368228769454,3120,0.3653800503252148,0.086376948206868,1.4176602238797287
S,6235,6285,129.42449496781154,2997,0.5650214108631959,0.07204344293593752,1.3366857768469853
S,6235,6286,161.01109524577805,3127,0.4280233623453963,0.08550013756234495,1.4125460358877926
S,6235,6290,159.94958691237414,3128,0.3802597183573657,0.08507796714307757,1.410091344425737
S,6235,6308,196.80080977929322,3036,0.44837085589436687,0.08648033530548616,1.4182646809281643
S,6235,6310,183.88147809303635,3128,0.4642593957258659,0.08296716704650862,1.3978927340512846
S,6235,6312,151.1424959657555,3013,0.5456844930827999,0.07733821658291525,1.3659579342975399
S,6235,6316,159.50890181862175,3034,0.5237732011187388,0.0809312475334251,1.3862432932881588
S,6235,6319,199.44173981714766,3104,0.4783236994219653,0.08688850941597664,1.420654043261497
S,6235,6320,134.41110447153702,3128,0.5721442443502824,0.07312915559591884,1.3426289546572727
S,6235,6330,113.24088273546182,3125,0.5171277997364954,0.07215679390586814,1.3373048484962624
S,6235,6343,119.39489835689258,3116,0.49654739485247956,0.06977154970895856,1.3243465171201925
S,6235,6344,109.8091081242824,3128,0.5475543902362893,0.06709679243704951,1.309985194218237
S,6235,6348,106.94203741484645,3126,0.46491568551343426,0.07229261849075401,1.3380470930179222
S,6235,6350,151.799930412651,3128,0.36318872129788005,0.09296687930731772,1.4568025282517953
S,6235,6356,121.41986473735707,3125,0.41966498166319754,0.07687746405037281,1.3633815621653633
S,6235,6370,169.20275299260467,3127,0.3701097963969726,0.08875584570714314,1.4316455068389273
S,6235,6375,154.43695603272113,3126,0.35609715864571734,0.08335708954216266,1.4001368435649792
S,6235,6380,234.6355452477913,3128,0.2934689265536723,0.09536542956594564,1.4713657039419368
S,6235,6391,185.91613460589485,3128,0.3712176354372465,0.09401264666051438,1.463130912267118
S,6240,6260,35.99197266525369,3128,0.6002615518744551,0.054870787156573994,1.246538692916004
S,6240,6267,75.88682081747318,3118,0.5643879173290938,0.06634833394405638,1.3059982891222055
S,6240,6269,50.891286153925726,3127,0.5902702702702702,0.05585360281982317,1.2515098768083222
S,6240,6270,119.72758871543039,3126,0.5017227492393055,0.06971181736967265,1.3240238527747996
S,6240,6273,85.72872821645674,3124,0.45536733917015604,0.06292323199055645,1.2879275980607459
S,6240,6275,79.35985524998065,3128,0.5218425973142955,0.06823251562603909,1.3160613899630376
S,6240,6277,154.14995314231095,3128,0.41216216216216217,0.08248518576064799,1.395124594134095
S,6240,6278,100.57878188901049,3118,0.4000045964331679,0.07016020422079766,1.3264481553813
S,6240,6279,129.82557644977317,3128,0.43843843843843844,0.07291556719188695,1.3414573868331445
S,6240,6280,150.51196154370518,3128,0.4588844163312248,0.07550545782418187,1.3557428910023952
S,6240,6283,130.2442499723369,3120,0.39416307063365885,0.07697688894271944,1.3639370376258058
S,6240,6285,176.46635967467464,2997,0.42832840898916646,0.08316730406374698,1.399044052323889
S,6240,6286,186.33845777383914,3127,0.38513513513513514,0.08409119463826888,1.4043732354506497
S,6240,6290,142.9670114231804,3128,0.3981444130697862,0.07795810148523613,1.3694329959162053
S,6240,6308,142.28744671144594,3036,0.5348850283915219,0.07775409107729093,1.3682881914743363
S,6240,6310,127.27575895428846,3128,0.5321190755973364,0.0722532752173897,1.3378320442037763
S,6240,6312,100.63865991903508,3013,0.5649303008070433,0.07397534078849012,1.347281966848606
S,6240,6316,105.06773718987947,3034,0.5708755211435379,0.07303109932879132,1.3420909542310182
S,6240,6319,137.25662851248995,3104,0.5482260652522731,0.07162581098713021,1.3344076875975286
S,6240,6320,87.96418287075147,3128,0.5682010135135135,0.072022351532832,1.336570621343358
S,6240,6330,58.237944732978214,3125,0.5760130139012126,0.06596689159134322,1.3039717031412874
S,6240,6343,57.43407728481961,3116,0.6335502168835503,0.05721009939441975,1.2584074267103948
S,6240,6344,46.03905406016585,3128,0.6570665969837242,0.05525834187014795,1.2484963612471585
S,6240,6348,39.79479104984562,3126,0.5828089539921602,0.0527588440548211,1.2359301837655035
S,6240,6350,84.23426898192739,3128,0.46996652615918666,0.07819555813786991,1.3707668785689495
S,6240,6356,56.56644045900563,3125,0.5483048838311997,0.058487862804403275,1.264943397370262
S,6240,6370,104.54205332466647,3127,0.4500892401835798,0.07386674791755622,1.3466838016351996
S,6240,6375,96.46652697198041,3126,0.4638488853817321,0.0710507714587284,1.3312782340248093
S,6240,6380,170.74292827659502,3128,0.3689189189189189,0.08490163667813047,1.4090675568975792
S,6240,6391,132.74360323173048,3128,0.39964350853921404,0.08190651373481216,1.3918095661641599
S,6260,6267,89.77561392001587,3118,0.5241935483870968,0.07235334112649783,1.3383790782656386
S,6260,6269,44.81844650594606,3127,0.5702903225806452,0.056420409383243074,1.254386858984182
S,6260,6270,130.82162080060135,3126,0.5140461439863278,0.07523903051043461,1.3542652734823974
S,6260,6273,82.47178048205534,3124,0.5060767832803271,0.06729347235121995,1.3110351614840479
S,6260,6275,47.58048536768872,3128,0.566976060052749,0.06173701658217101,1.2817350263109604
S,6260,6277,161.29231410853257,3128,0.40758500435919787,0.08750738561065768,1.4242858298939696
S,6260,6278,82.37056531852238,3118,0.446605141727093,0.06864953208151856,1.3183004873637567
S,6260,6279,118.95521741499219,3128,0.4877912186379928,0.07324719333494488,1.343276914368061
S,6260,6280,148.25780198990248,3128,0.48850377487989016,0.07773357831915396,1.3681731453319579
S,6260,6283,100.98235131795511,3120,0.4034629981024668,0.07207734968786261,1.3368709257866467
S,6260,6285,183.2979057476203,2997,0.4272474016929176,0.08715569719497537,1.422220660926193
S,6260,6286,180.24839820236787,3127,0.37053182214472535,0.08488597057831972,1.4089766404502364
S,6260,6290,118.24639364668636,3128,0.4347616754935002,0.07360675816092675,1.3452529305739183
S,6260,6308,147.50638782698067,3036,0.4773743395203902,0.079359586487441,1.3773274461421743
S,6260,6310,131.23337367019948,3128,0.5052594670406731,0.07315962594816502,1.3427961851578765
S,6260,6312,113.0223091248996,3013,0.4956896551724138,0.07918286547151654,1.3763290939198054
S,6260,6316,113.26837583611731,3034,0.4593267882187938,0.07776106250467094,1.3683272933848323
S,6260,6319,133.11599251677964,3104,0.5351793248945147,0.07250401844475753,1.3392032747582134
S,6260,6320,105.09879944712054,3128,0.4921875,0.0775228496480699,1.3669919169994975
S,6260,6330,73.34176842087723,3125,0.49973488865323434,0.07143517074037996,1.333369263473113
S,6260,6343,63.67831911586594,3116,0.5837315810434089,0.06127782339169438,1.2793468242951562
S,6260,6344,52.438410014587895,3128,0.5707538763143825,0.06101698540949236,1.2779924661386286
S,6260,6348,22.575522943731258,3126,0.627924156611672,0.048398544686227986,1.2143418455221795
S,6260,6350,61.69662339785795,3128,0.49130659958567624,0.07136867198354528,1.333007259706437
S,6260,6356,26.912466876447397,3125,0.5311653116531165,0.052748058748182475,1.2358762651786168
S,6260,6370,73.4517779496535,3127,0.4593223777642524,0.06720970310338145,1.3105878462863783
S,6260,6375,60.87372417000365,3126,0.4839592653637862,0.06396007794421707,1.2933679909062759
S,6260,6380,138.7042170368064,3128,0.40161290322580645,0.07859155029442058,1.3729946580298957
S,6260,6391,96.75409201675636,3128,0.4472837918068474,0.07636582273186426,1.3605272040340084
S,6267,6269,50.56492602519833,3117,0.5704459203036053,0.06192908021950985,1.2827354084609928
S,6267,6270,43.855767310445906,3116,0.6238725490196079,0.062352087433520914,1.284941779193564
S,6267,6273,40.22678312937616,3114,0.6285602503912363,0.06069521226554897,1.2763239279888647
S,6267,6275,99.30857479161475,3118,0.504763226045135,0.07865185275917173,1.3733342760575473
S,6267,6277,78.98709097120633,3118,0.6016156462585034,0.06420344112455696,1.2946486832765802
S,6267,6278,78.28741044446686,3109,0.516991991991992,0.07224499004233578,1.3377867627990423
S,6267,6279,81.61719566487413,3118,0.49325980392156865,0.06962667554556838,1.3235640853616173
S,6267,6280,84.2430300432493,3118,0.5028067678684377,0.06859900132992997,1.3180289407832069
S,6267,6283,126.21553301746978,3110,0.39390756302521013,0.07844382225839454,1.3721630776644766
S,6267,6285,101.15894777249969,2987,0.606203007518797,0.062002098336108515,1.2831159606042466
S,6267,6286,122.59715494318523,3117,0.4828767123287671,0.07434002469824041,1.34929299916225
S,6267,6290,123.20756085348289,3118,0.4222453906935909,0.07833915689241529,1.3715742553425927
S,6267,6308,217.12188740711792,3026,0.45448423630241813,0.08565120303653793,1.4134256146716448
S,6267,6310,202.58876171892763,3118,0.4379795396419437,0.08305913573441531,1.3984216604947983
S,6267,6312,173.53049592251585,3003,0.44268712100642593,0.07977442857624438,1.379674317800141
S,6267,6316,179.57238737477863,3024,0.46510297482837526,0.07903405659023056,1.3754890761474192
S,6267,6319,213.05019199075986,3094,0.47581711694691103,0.08529888390443688,1.411375231914161
S,6267,6320,158.61038466719884,3118,0.5232077205882353,0.07699582249105466,1.3640428467845398
S,6267,6330,132.1010601006366,3115,0.49822866344605476,0.07112758678803449,1.3316957892224255
S,6267,6343,133.2726223306369,3108,0.4936909949164851,0.07327641854285943,1.3434373994173987
S,6267,6344,121.92174734926049,3118,0.482917614559636,0.07666872466657217,1.3622162081277158
S,6267,6348,107.69570707325015,3116,0.48706219128872924,0.06910123046356947,1.320730692909195
S,6267,6350,151.1883133696692,3118,0.431917211328976,0.08827294266867375,1.4287934984930488
S,6267,6356,116.64457749800994,3115,0.47523219814241485,0.07313973590883385,1.342687019905948
S,6267,6370,160.89987282435834,3117,0.3819829818719941,0.08648688311161173,1.418302973131348
S,6267,6375,139.41725837647417,3116,0.4102619149849721,0.08461878574345229,1.407427119182092
S,6267,6380,222.95133878678436,3118,0.31473529411764706,0.09444791327694467,1.4657745151312294
S,6267,6391,165.1811077052569,3118,0.3978933597979069,0.09122880100488875,1.4463563050878239
S,6269,6270,87.69400268254824,3125,0.52641059602649,0.0640035525749359,1.2935966701239525
S,6269,6273,38.111622548247425,3123,0.5640845070422535,0.051327883498379884,1.228799078929143
S,6269,6275,50.2971175314006,3127,0.5501383647798742,0.0600125227677344,1.2727919582859142
S,6269,6277,116.71026875138303,3127,0.47221621621621623,0.07517710449858243,1.3539220945700257
S,6269,6278,50.91361842899327,3117,0.5187445510026155,0.05789841126043045,1.261923561168367
S,6269,6279,79.31533115951459,3127,0.5006388888888889,0.06365614096403305,1.2917705366802745
S,6269,6280,104.30733758771062,3127,0.5127872340425532,0.06515797147694842,1.2996857120654073
S,6269,6283,88.89068576201822,3119,0.444632691786392,0.06784977836593872,1.31401015188368
S,6269,6285,138.60540910352643,2996,0.4693129284234019,0.07870552458089879,1.3736366326788547
S,6269,6286,137.99150818774672,3126,0.4224062772449869,0.07512361556072672,1.3536257523932302
S,6269,6290,95.89114228561048,3127,0.47934328358208955,0.06839975128609341,1.3169588131142778
S,6269,6308,188.22296385004395,3035,0.42799078715621186,0.08340169460647277,1.400393825547081
S,6269,6310,172.37309188713542,3127,0.4421449275362319,0.08092369579626336,1.386200293285596
S,6269,6312,149.46314545490128,3012,0.4454022988505747,0.08241304880272396,1.394710843173787
S,6269,6316,152.1591128992984,3033,0.4593267882187938,0.08151296220774433,1.3895602723456815
S,6269,6319,176.95826824200006,3103,0.4866154803901225,0.07820351650358133,1.37081160969065
S,6269,6320,138.1156527456457,3127,0.43484375,0.08221363983331348,1.3935678503267186
S,6269,6330,107.25543939785085,3124,0.5031304347826087,0.07566733243529003,1.3566415608279834
S,6269,6343,102.35081637578038,3115,0.5385679012345679,0.0659646872235658,1.3039600017869666
S,6269,6344,90.38908226223386,3127,0.5409944751381215,0.06700779831138846,1.3095104163542302
S,6269,6348,66.4250897929886,3125,0.5628091603053436,0.05696809026650912,1.2571737566297592
S,6269,6350,105.75402644413522,3127,0.5066422018348624,0.07530573206071803,1.354635029222878
S,6269,6356,70.17080754135154,3124,0.5217176004527447,0.059672936783670014,1.2710391514334565
S,6269,6370,111.40284418526527,3126,0.4786918238993711,0.07415860370333759,1.348292131052825
S,6269,6375,88.85447322537497,3125,0.5048759124087592,0.06958871537018746,1.3233591583456705
S,6269,6380,172.4638536502902,3127,0.376,0.08732492268791607,1.423213939919502
S,6269,6391,115.78178507775725,3127,0.3816441717791411,0.08421967657643008,1.4051162204260086
S,6270,6273,58.664228195900826,3122,0.5944174983676895,0.0597391458667716,1.2713806840010073
S,6270,6275,130.17446653304043,3126,0.43900204090132866,0.078400018912265,1.3719166149390787
S,6270,6277,36.378592037454034,3126,0.6422051190263112,0.055146462554665696,1.2479308712317134
S,6270,6278,94.08639026987193,3116,0.489954954954955,0.07016446779051368,1.326471231588728
S,6270,6279,76.1808597224629,3126,0.5087610375275938,0.06610067370633221,1.3046820757753128
S,6270,6280,56.61067916614565,3126,0.5970832746230802,0.058303028300302255,1.2639955989553013
S,6270,6283,142.23268816751872,3118,0.37675070028011204,0.07859374524912623,1.3730070181117227
S,6270,6285,57.959417192992895,2995,0.6513425189895778,0.06374222063598382,1.2922227345901236
S,6270,6286,93.11955803889865,3125,0.5017227492393055,0.06682766929995156,1.3085500368500063
S,6270,6290,130.52337568321653,3126,0.43664129682712266,0.07533972601972778,1.3548235172251017
S,6270,6308,260.7885795644382,3034,0.41434755720470007,0.09545445507346158,1.4719095601005578
S,6270,6310,246.36942035053892,3126,0.4160668010365678,0.09435812644244881,1.4652287280645426
S,6270,6312,216.8204082632082,3011,0.39494413632344666,0.09206353683684583,1.451362136755228
S,6270,6316,223.20404749885256,3032,0.44521739130434784,0.09192957229297768,1.4505573844668762
S,6270,6319,256.8100127370961,3102,0.44147737125021674,0.0942973477872124,1.4648594100772812
S,6270,6320,201.47385579491882,3126,0.4474855132450331,0.09049400684849328,1.4419667031100707
S,6270,6330,175.72262896524816,3123,0.4160668010365678,0.08504779655335508,1.4099161100817754
S,6270,6343,177.1269190414319,3114,0.45580246913580247,0.08210012631582184,1.3929176890724206
S,6270,6344,165.75265434927996,3126,0.4312319344334272,0.08131745102321392,1.3884444251232577
S,6270,6348,150.17015903015977,3124,0.42768313027652793,0.07738694145264828,1.366230715722086
S,6270,6350,192.51144289704206,3126,0.3949207120724224,0.09519021490248084,1.4702960175705702
S,6270,6356,157.25465730723363,3123,0.4364664420432981,0.07981313033783664,1.379893500251484
S,6270,6370,198.83000640298218,3125,0.38089882960556454,0.09151521419137647,1.4480715922391862
S,6270,6375,173.99143120259458,3124,0.40373181224923865,0.08491886491120193,1.409167546932892
S,6270,6380,257.72889942791113,3126,0.29245033112582786,0.10178494663033434,1.511205921368556
S,6270,6391,194.2686970011823,3126,0.3699670905618982,0.09659591331420932,1.4789039898321474
S,6273,6275,71.97294870280207,3124,0.5332624678890956,0.06608114140013369,1.3045783334393848
S,6273,6277,81.62877772195519,3124,0.5657594213932242,0.06702849614947805,1.309620820554596
S,6273,6278,38.92076200454456,3114,0.611376465479809,0.05522846400489769,1.2483453167988063
S,6273,6279,46.46550497260437,3124,0.5614104205653502,0.051844700871861715,1.2313693533144547
S,6273,6280,66.21368736127677,3124,0.563738043232658,0.0584403140317601,1.264699499926556
S,6273,6283,87.7302462422659,3116,0.4402000236714404,0.06784703065988987,1.3139954389923134
S,6273,6285,102.77385499168993,2993,0.6041284619363332,0.07234154026485529,1.3383145527375162
S,6273,6286,100.71941609534596,3123,0.5537989843824854,0.06555965546243,1.3018120038193668
S,6273,6290,82.99544300272532,3124,0.44240067269287364,0.06744567887857078,1.3118483648653092
S,6273,6308,225.89151795610871,3032,0.43430350940232365,0.09231845826253952,1.4528949624213838
S,6273,6310,210.17107631385153,3124,0.41437027964890794,0.08818353527728921,1.4282661954114244
S,6273,6312,186.05718269708495,3009,0.3913447411632529,0.09021363713399784,1.4402959459316962
S,6273,6316,189.46332715322708,3030,0.4100931677018633,0.08860817631319608,1.4307726659179023
S,6273,6319,215.05567699272694,3100,0.4395091521719333,0.08583322378694895,1.4144862829016278
S,6273,6320,173.68408140216823,3124,0.41191594008495414,0.08932585108799249,1.435020569590962
S,6273,6330,143.6390360467501,3121,0.42151459481526843,0.083694785023314,1.4020837693709942
S,6273,6343,139.93661161276688,3112,0.4162754303599374,0.07522734345097541,1.3542004989781782
S,6273,6344,127.96812301177441,3124,0.4147148081861334,0.07785191831237792,1.3688370109424597
S,6273,6348,104.4363187063178,3122,0.484302763143748,0.06416367651714025,1.2944393253154984
S,6273,6350,142.14241427396908,3124,0.46217211526036955,0.08251430830273461,1.3952916707984755
S,6273,6356,106.57750672272294,3121,0.48525569242254574,0.0655256373385264,1.301631778396009
S,6273,6370,143.5436215953086,3123,0.4066126317654354,0.08162870739434959,1.3902213600075635
S,6273,6375,116.66284607670545,3122,0.4015626606353449,0.07691701498746645,1.3636024974400134
S,6273,6380,199.9595704835628,3124,0.3459718309859155,0.09473666948238701,1.4675314164811648
S,6273,6391,135.60471706008872,3124,0.42825974250410437,0.08647722124860152,1.4182464700479773
S,6275,6277,152.489146145073,3128,0.404428012918579,0.0868313269490646,1.420319025195601
S,6275,6278,49.75683744938688,3118,0.5430636332535067,0.060825010987941214,1.2769966983992849
S,6275,6279,90.66108594254138,3128,0.5028825995807128,0.06921116420669103,1.3213229241618432
S,6275,6280,128.23074778500722,3128,0.4527298273785628,0.07316472270595963,1.3428241600356643
S,6275,6283,53.65171626961816,3120,0.4995507637017071,0.05999507962869099,1.2727018578704197
S,6275,6285,172.58678223912412,2997,0.44951617010440537,0.08833486516433216,1.4291588365849561
S,6275,6286,153.2593057650318,3127,0.39138194798572157,0.08045662517018674,1.3835437763870007
S,6275,6290,73.59753591432357,3128,0.5019478081291655,0.06555464704878124,1.3017854678544205
S,6275,6308,187.40113778821018,3036,0.46225365543547364,0.08921398356945871,1.4343574513303505
S,6275,6310,170.89995235007572,3128,0.46021328958162433,0.08524423081202544,1.4110574807864398
S,6275,6312,157.65278525498422,3013,0.4547365578955489,0.09206784991709009,1.4513880550889544
S,6275,6316,156.0348343766241,3034,0.4657316503038803,0.08928126317761664,1.4347562220723649
S,6275,6319,166.65885179701775,3104,0.49524308635007663,0.08149435552683887,1.3894540329530256
S,6275,6320,151.46593712510548,3128,0.4019015330188679,0.08988609845657065,1.4383469963748698
S,6275,6330,119.98100968012236,3125,0.4140524674371675,0.08536972844755343,1.4117872442256305
S,6275,6343,108.35899642807576,3116,0.4984859072909387,0.07425676744003933,1.348833577429002
S,6275,6344,98.11516702859917,3128,0.49619514229125405,0.07335275073173127,1.3438566678094683
S,6275,6348,65.46537665099532,3126,0.5917230784003072,0.061956623327517356,1.2828789413421093
S,6275,6350,84.34217961294394,3128,0.5334948935433617,0.07205618166155699,1.336755333638542
S,6275,6356,54.41023681534989,3125,0.6068630696237449,0.060159103395124876,1.273549385059425
S,6275,6370,75.41918770590799,3127,0.5220125786163522,0.06676622100176319,1.308222600537503
S,6275,6375,45.487278895083165,3126,0.5163659734655466,0.06314803567525011,1.2891049638421985
S,6275,6380,128.03563041781658,3128,0.4215345911949685,0.08302308140842639,1.3982142785689633
S,6275,6391,65.87482455801079,3128,0.4907589612995331,0.07605003902968449,1.3587689398797207
S,6277,6278,108.74461250984209,3118,0.48981858570899667,0.0773955214726151,1.366278756639347
S,6277,6279,77.81632360173744,3128,0.49324324324324326,0.07183798154427073,1.3355644753515126
S,6277,6280,41.0305634630893,3128,0.5796434732604945,0.06386587034510838,1.2928726096058787
S,6277,6283,152.57517266541652,3120,0.34868271632977516,0.08380447713134177,1.4027168603531015
S,6277,6285,22.33305879748664,2997,0.6967411673294026,0.04736621044870258,1.2092915356392524
S,6277,6286,67.5915331530764,3127,0.5337837837837838,0.06689338593242558,1.308900320427749
S,6277,6290,134.8569290015438,3128,0.39103469140782576,0.08225687204577249,1.393815560526877
S,6277,6308,296.00881856944,3036,0.380222681359045,0.09945494599751606,1.4965980481032193
S,6277,6310,281.31357628438786,3128,0.3570799059929495,0.10094824344358604,1.5059406043702752
S,6277,6312,252.50749722257862,3013,0.3235342760274539,0.09866650541546895,1.4916933510252395
S,6277,6316,258.4966931192553,3034,0.3594401429422275,0.09881446569873684,1.4926123065271535
S,6277,6319,290.47203792701896,3104,0.37425729785585116,0.10116804554224296,1.5073216647336534
S,6277,6320,237.42881770463197,3128,0.38608530405405406,0.09670309173872389,1.4795627725272555
S,6277,6330,211.0459206050161,3125,0.4130924402663533,0.09156381200121844,1.4483628762174794
S,6277,6343,211.54288043344502,3116,0.36331569664902996,0.09103289618928775,1.4451844431547325
S,6277,6344,199.95196648171083,3128,0.3438853217858743,0.09368659058565626,1.4611543129757654
S,6277,6348,181.9093446346639,3126,0.3597586135754075,0.08588171682087456,1.4147690179799508
S,6277,6350,222.4536560228232,3128,0.3584490453756509,0.09928992454830166,1.4955698927029852
S,6277,6356,186.84542540883263,3125,0.3970483641536273,0.08704719861778198,1.4215842504345355
S,6277,6370,225.1711982934405,3127,0.31962859085500595,0.09774751816780038,1.4860008207908382
S,6277,6375,197.76043670383547,3126,0.29517656342473864,0.09558980745456298,1.4727368855512866
S,6277,6380,280.28976730595156,3128,0.25824324324324327,0.10684802432812707,1.5435456563357226
S,6277,6391,212.88308468597828,3128,0.3222931520477533,0.10044746175085323,1.5027997679154663
S,6278,6279,40.907469085621464,3118,0.5912398412398412,0.05454584507057687,1.2448999272628585
S,6278,6280,79.70691326186744,3118,0.5716216216216217,0.06366215638894504,1.2918021314039059
S,6278,6283,48.93884882701589,3110,0.48740265689418233,0.06134137471988316,1.2796770480950286
S,6278,6285,127.04958709775192,2987,0.4851179673321234,0.07968182417224086,1.3791500285007585
S,6278,6286,103.54391328099777,3117,0.48981858570899667,0.07159227718902834,1.3342249608353458
S,6278,6290,46.51320982044925,3118,0.5139199349725665,0.06149213778165264,1.2804608221643865
S,6278,6308,229.6954506603758,3026,0.3552491419102852,0.09400486844739443,1.4630837226441669
S,6278,6310,213.3379683869265,3118,0.36545669757348587,0.08956143023287089,1.4364181966801288
S,6278,6312,194.81906236172318,3003,0.3346861804616078,0.09390650646168865,1.4624871265159995
S,6278,6316,195.6051247495702,3024,0.3787453422489919,0.09191114943745707,1.4504467559491478
S,6278,6319,212.68717549025033,3094,0.37144739732044807,0.09000308490584633,1.4390427419932053
S,6278,6320,185.3443571273584,3118,0.33794508794508793,0.09286902077106597,1.4562120079732117
S,6278,6330,153.7231670381489,3115,0.37248471098836067,0.08855221722879748,1.430442067921117
S,6278,6343,145.81726870570702,3107,0.40320945945945946,0.07776987480592774,1.3683767223865513
S,6278,6344,134.26195714379818,3118,0.40115884040465044,0.0794404934611603,1.377784794903091
S,6278,6348,104.5419278113374,3116,0.43347193347193347,0.06866615794319267,1.3183898467866995
S,6278,6350,132.49566915053515,3118,0.43243243243243246,0.08325716934277279,1.399561375592096
S,6278,6356,99.41964537441386,3115,0.4897154127923359,0.06574016324263371,1.3027687926819016
S,6278,6370,125.07419065155138,3117,0.40691168875882255,0.07751488118146754,1.366947273306268
S,6278,6375,94.16805252501544,3116,0.45151033386327505,0.07122826512455771,1.332243286256961
S,6278,6380,173.44731669104448,3118,0.34088927637314737,0.09025573160917305,1.4405466461489793
S,6278,6391,104.3007953939102,3118,0.45253586920253586,0.08267196602798939,1.3961965614489922
S,6279,6280,41.67204839071235,3128,0.5457299054373522,0.05649297262086635,1.2547557045700344
S,6279,6283,75.94696177122945,3120,0.4297385620915033,0.06702685345203109,1.309612057867451
S,6279,6285,92.47310623850983,2997,0.5189950980392157,0.07537620023138741,1.3550257911707335
S,6279,6286,62.786189383003325,3127,0.49324324324324326,0.060690924107772354,1.2763017084703308
S,6279,6290,57.108224509327236,3128,0.439417495854063,0.0624646599506631,1.2855296669001388
S,6279,6308,266.11709686021373,3036,0.35436835891381346,0.0978380593414326,1.4865605093371896
S,6279,6310,249.9755419997118,3128,0.37605676328502413,0.09360032471129642,1.460631887290773
S,6279,6312,228.6274171763672,3013,0.3638180909545228,0.09599418369862078,1.4752118896576047
S,6279,6316,230.78447834509768,3034,0.3715043886507451,0.09349880267724504,1.4600173544040442
S,6279,6319,251.39300232198067,3104,0.37439828846496703,0.09415186644174962,1.4639758503570215
S,6279,6320,217.41994427874474,3128,0.37630208333333337,0.09451083396663017,1.4661571350532823
S,6279,6330,186.5308491864472,3125,0.3476751207729469,0.09053018612077728,1.4421824664588343
S,6279,6343,180.78686338811988,3116,0.38695987654320985,0.08432903087888352,1.405748955993663
S,6279,6344,168.9122594711955,3128,0.4052524554941682,0.08559301204210147,1.4130867216495744
S,6279,6348,141.5229730025089,3126,0.4519189991518236,0.07340493393714911,1.3441433798783515
S,6279,6350,172.65582408749023,3128,0.3787907747196738,0.08874086270953617,1.4315569171019311
S,6279,6356,138.71322756677876,3125,0.4430131272236535,0.07125429093984749,1.3323848585962201
S,6279,6370,165.96514614064753,3127,0.4102463312368973,0.08359488652686972,1.4015074926896351
S,6279,6375,134.84609025748637,3126,0.43443329278183296,0.0787563612361247,1.373923088629813
S,6279,6380,212.44036272359537,3128,0.3586666666666667,0.09635706851105572,1.4774371653461988
S,6279,6391,141.5420560348451,3128,0.43162065439672803,0.08831504000373025,1.4290418576599468
S,6280,6283,117.50043051492366,3120,0.42539781870194887,0.0727433840077691,1.3405137862585694
S,6280,6285,51.577105918043806,2997,0.5580199292831887,0.06770128883566558,1.3132153165727554
S,6280,6286,38.45089478133652,3127,0.6098332374928119,0.054752853938556195,1.2459436491525557
S,6280,6290,96.79444382151765,3128,0.4601460781200381,0.07202620141025308,1.3365916401779396
S,6280,6308,291.845779684932,3036,0.37149214421941695,0.0998525516259024,1.499078787240199
S,6280,6310,276.2329773004144,3128,0.3769657724329325,0.09628438876584386,1.4769911595516612
S,6280,6312,251.14992358152776,3013,0.39668015154433955,0.0966186649004625,1.4790438054186177
S,6280,6316,255.15483577190696,3034,0.4311594202898551,0.09596521289848682,1.4750344077396271
S,6280,6319,281.16786332770124,3104,0.3931063975367773,0.0971169913683023,1.4821101376210355
S,6280,6320,237.92639539969943,3128,0.3939494680851064,0.09489862838564887,1.4685179317338406
S,6280,6330,208.74391019417652,3125,0.4020968239284613,0.09128062180741253,1.44666647424973
S,6280,6343,205.90982070231226,3116,0.43201624083977025,0.0863267831209958,1.4173670404494456
S,6280,6344,193.95546510314225,3128,0.4229164217703068,0.08609257611698481,1.415999187979376
S,6280,6348,170.46166210644336,3126,0.41448757511775214,0.07678400785214302,1.3628596710746097
S,6280,6350,206.36072635977126,3128,0.41306363458910794,0.09398813734769272,1.4629822229020955
S,6280,6356,171.18896689204234,3125,0.4690182904068682,0.07831334710262379,1.3714291005633632
S,6280,6370,203.44620029284278,3127,0.3772748561488024,0.09090228682108793,1.4444037885947962
S,6280,6375,173.4509601985366,3126,0.3659341512657245,0.08601314006830216,1.4155356045962095
S,6280,6380,253.00500366669922,3128,0.31965957446808513,0.10110429053915639,1.50692092264322
S,6280,6391,182.76628833963846,3128,0.38944002088500196,0.09351173369063057,1.4600956113181425
S,6283,6285,168.36831281364067,2989,0.3444272445820433,0.08697478925271496,1.4211597112696912
S,6283,6286,129.60609703745277,3120,0.371422893481717,0.07672735342988733,1.3625434057770038
S,6283,6290,27.857035910644917,3120,0.5333923042901372,0.0535422731522936,1.2398537193222672
S,6283,6308,238.33165851267793,3028,0.42590981586196897,0.09211523914804247,1.4516728644416104
S,6283,6310,221.8858005865918,3120,0.4068931920594325,0.08857305413690157,1.4305651587845882
S,6283,6312,210.81463838656643,3005,0.3448788998357964,0.09613436868142243,1.476071055452548
S,6283,6316,208.53240454331305,3026,0.4106280193236715,0.09166703149332772,1.448981779886969
S,6283,6319,214.4468692276955,3096,0.44101920558707985,0.08723396979742859,1.4226799853399619
S,6283,6320,205.07378283668325,3120,0.39215686274509803,0.09502282587039296,1.4692749712356987
S,6283,6330,173.62889434180508,3117,0.37559371574716843,0.0902723053549069,1.4406453678124003
S,6283,6343,161.7324438087878,3108,0.4081336238198983,0.08171627671218241,1.3907217621086063
S,6283,6344,151.6947706607647,3120,0.39695436185523936,0.08216033909862476,1.3932625204672346
S,6283,6348,118.94936122897522,3118,0.4329976265315286,0.0707160622434388,1.3294605552353116
S,6283,6350,130.86620164587183,3120,0.3691311386940097,0.08052938151153508,1.3839571972965234
S,6283,6356,106.15215154085901,3118,0.4511596788581623,0.06873082169685742,1.318737462145027
S,6283,6370,111.72301305866033,3119,0.462819089900111,0.07293527876594162,1.3415654590020256
S,6283,6375,79.53410076957297,3118,0.4569327731092437,0.06695580914157193,1.309233147817292
S,6283,6380,143.34259983597815,3120,0.3854789915966387,0.08272831720382444,1.3965201599564796
S,6283,6391,70.91913434907396,3120,0.47249574676496364,0.07437055135997854,1.3494614933135318
S,6285,6286,65.27473394792648,2996,0.535410511236458,0.07052501990495724,1.3284243468122405
S,6285,6290,148.36179916296427,2997,0.4197335344394168,0.08565549123679206,1.4134505920808182
S,6285,6308,318.2521253084544,2905,0.4100216130133091,0.09816331060889315,1.4885731601941952
S,6285,6310,303.60023866960154,2997,0.39583333333333337,0.09619331651611514,1.4764325131332505
S,6285,6312,274.6119435501655,2883,0.3518174917770094,0.09238438351536181,1.4532916786265646
S,6285,6316,280.72099506112716,2912,0.3798116298116298,0.09318649553360966,1.458128820752107
S,6285,6319,312.7929153394372,2973,0.4144916244643553,0.1003465473459887,1.502167799024926
S,6285,6320,259.396031879776,2997,0.41246498599439774,0.08977305952461777,1.4376751045193974
S,6285,6330,233.25630546439197,2994,0.41461496879453535,0.08780982297256658,1.4260646073898182
S,6285,6343,233.8672791090715,2988,0.4001499000666222,0.08670122122567317,1.4195571130541111
S,6285,6344,222.2828426803564,2997,0.37875074272133097,0.09009747555226907,1.4396043945992236
S,6285,6348,204.0765898914786,2995,0.4180012972109963,0.08589397240172839,1.4148404837277808
S,6285,6350,244.27135845281677,2997,0.3732209394661291,0.10166851085175818,1.5104718739116383
S,6285,6356,208.64540519497086,2994,0.417179100437019,0.08626937245414645,1.417031598389874
S,6285,6370,246.09968731113256,2996,0.36721706226350187,0.09797288553042563,1.4873944169645814
S,6285,6375,218.02722341496838,2995,0.349965856989562,0.09318644159868879,1.4581284948559299
S,6285,6380,299.8791606999993,2997,0.2799207114539805,0.10425563874156175,1.5268837610726096
S,6285,6391,231.32317984717605,2997,0.35489779776029307,0.09960888518426525,1.4975579202356004
S,6286,6290,103.9107229181162,3127,0.38392496974586526,0.07122817026376442,1.3322427702751896
S,6286,6308,326.20885783912377,3035,0.3574093204775023,0.10372195947524337,1.5234807325578446
S,6286,6310,310.3110992231246,3127,0.33607520564042304,0.10137320251275038,1.5086120810329762
S,6286,6312,286.7753038267084,3012,0.33252387890561763,0.10188891240548126,1.51186171689474
S,6286,6316,290.05557816323454,3033,0.35477053140096615,0.10090023358315028,1.5056391512780916
S,6286,6319,313.252841744341,3103,0.3611254628433652,0.10205878503821465,1.5129339771856274
S,6286,6320,274.2043592964159,3127,0.37880067567567566,0.10043848306225785,1.5027435266139892
S,6286,6330,244.353273311794,3124,0.35007833920877396,0.09665875577505478,1.479290214720257
S,6286,6343,240.3352373836132,3115,0.34508709622864875,0.09485500011852219,1.4682521079923057
S,6286,6344,228.3693809250319,3127,0.3438853217858743,0.09574645364724567,1.473695058515067
S,6286,6348,202.78235319219067,3125,0.3669537858469156,0.08490703464170674,1.4090988849614352
S,6286,6350,235.36607065526468,3127,0.32658690800892637,0.09791522613331109,1.4870377218798883
S,6286,6356,201.14863252288058,3125,0.3858455662966941,0.0849370171412616,1.4092729086860962
S,6286,6370,228.3386509116604,3126,0.3065825259221485,0.09484402516912598,1.4681852474653354
S,6286,6375,196.7895662841218,3125,0.388016693163752,0.08878723844971115,1.4318311431531436
S,6286,6380,271.62700241215623,3127,0.3025135135135135,0.10533605637587438,1.5338012660016163
S,6286,6391,199.51200773054802,3127,0.3674141933344387,0.09819672271187072,1.4887800984333674
S,6290,6308,260.9287741901499,3036,0.38016528925619836,0.09561162290419659,1.4728702817368327
S,6290,6310,244.4292309253354,3128,0.36772658446895956,0.09096200046448691,1.4447606362625458
S,6290,6312,230.6540183617789,3013,0.35933010057471265,0.0957255126151117,1.4735669234748248
S,6290,6316,229.50973074484963,3034,0.367458712504213,0.09275163201107836,1.4555040083726083
S,6290,6319,238.91086034922458,3104,0.4101937092443422,0.09161599705865485,1.44867573851473
S,6290,6320,223.3450118957207,3128,0.38187966417910446,0.09613801407979317,1.4760934053287584
S,6290,6330,191.57960290249338,3125,0.3530175210902011,0.0904502821036888,1.441705991488871
S,6290,6343,181.19756841740062,3116,0.40224801916344205,0.08456426256544536,1.4071111603814157
S,6290,6344,170.43938856376195,3128,0.40261400181413376,0.08537352262990437,1.411809314115268
S,6290,6348,138.34220247080953,3126,0.4453400934259998,0.07399145900387066,1.347370777265909
S,6290,6350,155.50984906341648,3128,0.3992879638504724,0.08551870932813142,1.4126541354351931
S,6290,6356,127.93996094855768,3125,0.4991489918826918,0.07119753251924454,1.3320761325723476
S,6290,6370,138.5245965231488,3127,0.4469398291561063,0.07799663196935204,1.3696493340009908
S,6290,6375,106.06328011908222,3126,0.5019065257653339,0.07000404168901204,1.3256032543374872
S,6290,6380,170.91761009002386,3128,0.3865671641791045,0.08801867454387398,1.4272944869354158
S,6290,6391,98.57362935932852,3128,0.4963144400695907,0.08165760896918119,1.3903864906827745
S,6308,6310,16.501191590337328,3036,0.6890495867768596,0.046765612483120826,1.2063639201753165
S,6308,6312,46.14956202461494,2921,0.600322754168908,0.05295131908291247,1.2368928545959994
S,6308,6316,37.611876639720506,2942,0.6613964077915507,0.04956814874086101,1.2200916680394516
S,6308,6319,37.69046048296581,3012,0.591239269205371,0.06455437268357213,1.2964979718887475
S,6308,6320,63.91998569561994,3036,0.5809852280861587,0.06031802135331423,1.2743711331493248
S,6308,6330,85.07230866243067,3033,0.5798591980410162,0.05799264299606437,1.2624057816103182
S,6308,6343,85.95632669915028,3024,0.5691494926247516,0.06552713147289516,1.3016396936132604
S,6308,6344,97.92360353350514,3036,0.543904958677686,0.07127121741554045,1.3324769425831586
S,6308,6348,125.15871740796432,3034,0.4760851174594911,0.07389303290086399,1.3468285599924135
S,6308,6350,109.72242256280387,3036,0.41180746862565043,0.08568213209821217,1.4136057782500597
S,6308,6356,132.99886247109822,3033,0.4991564417177914,0.07962043587154667,1.3788025996773594
S,6308,6370,138.75241457327178,3035,0.43661211040890185,0.08221474070904952,1.3935741574443357
S,6308,6375,163.9876348956715,3034,0.3880853994490358,0.0842064059666018,1.4050394579183343
S,6308,6380,174.39202717494726,3036,0.35537190082644626,0.08333473718030407,1.4000080861857955
S,6308,6391,195.6722304212698,3036,0.39846517119244396,0.09153146065913466,1.4481689620788738
S,6310,6312,36.215958498711316,3013,0.5510167992926613,0.054823562430083655,1.246300378022471
S,6310,6316,24.78647001285205,3034,0.5736534717715769,0.04675869572959124,1.2063302496442136
S,6310,6319,30.33694339403384,3104,0.5861515208766295,0.05873901716526458,1.266232544685529
S,6310,6320,54.105254502895725,3128,0.5571784420289856,0.06117258765174733,1.2788002113377588
S,6310,6330,71.05414768926062,3125,0.5090976409605417,0.05905190082483554,1.2678405959127514
S,6310,6343,70.37369684612277,3116,0.5636070853462158,0.05813347583987145,1.2631268614447217
S,6310,6344,82.29878178724744,3128,0.555548883017055,0.06311311722018975,1.2889220057082766
S,6310,6348,108.82627505603531,3126,0.49103883172917356,0.06777076594688992,1.3135871459289705
S,6310,6350,93.72618290113222,3128,0.44335859593139215,0.0814690041197212,1.3893092981004709
S,6310,6356,116.4979131450844,3125,0.48644726170657787,0.07325195833299017,1.3433030790104874
S,6310,6370,123.43639960959302,3127,0.43990976210008204,0.07862868927491333,1.373203809911077
S,6310,6375,147.93652671235103,3126,0.44364222997990055,0.07882568344832498,1.3743138190082569
S,6310,6380,162.34300769025336,3128,0.3964057971014493,0.08007709966935017,1.3813895341563749
S,6310,6391,180.2127996288524,3128,0.39474971103405354,0.08798203660435067,1.4270786442379648
S,6312,6316,13.29708977956555,2919,0.7171737938596492,0.035874475248209955,1.1545895381099556
S,6312,6319,62.504807206139056,2989,0.590823381521056,0.07210160026313356,1.337003364852367
S,6312,6320,17.999575042942446,3013,0.5897813288477712,0.03402891111905998,1.1460558902947502
S,6312,6330,42.433273017198815,3010,0.643868861139302,0.044641964124616434,1.1960741245679187
S,6312,6343,49.47030946102916,3001,0.6181519629795492,0.0622088030547853,1.2841939421754527
S,6312,6344,60.62679949363589,3013,0.6264367816091954,0.06588303125218896,1.303526634502334
S,6312,6348,92.32628697458702,3011,0.5342724978973927,0.07381863197543348,1.3464188606723808
S,6312,6350,93.33026493354969,3013,0.38337885512689196,0.09513787685375073,1.469976673117351
S,6312,6356,105.22706785515742,3010,0.4827861998763951,0.08094207759039758,1.3863049629272102
S,6312,6370,126.22504510528883,3012,0.41724137931034483,0.08823866087540136,1.428591285733605
S,6312,6375,144.1475140702168,3011,0.45221865811280404,0.08590668777024836,1.4149146350984037
S,6312,6380,176.84960415813228,3013,0.3795137829315431,0.08818111618405225,1.4282519313682691
S,6312,6391,180.18431974533004,3013,0.3649044682956535,0.09591273382550017,1.4747129734302564
S,6316,6319,49.317104946401955,3010,0.5763888888888888,0.06838284512775993,1.3168680593708166
S,6316,6320,30.06763781940981,3034,0.5997239475500344,0.04770797912390315,1.210960958504163
S,6316,6330,47.48190498175671,3031,0.6227189781021898,0.04756941736361069,1.2102838277926113
S,6316,6343,50.00731338867877,3022,0.6343297101449276,0.058682246673096766,1.2659410197333631
S,6316,6344,61.876830697257155,3034,0.6095660270423447,0.06571743024149196,1.3026482517041176
S,6316,6348,91.5751479683586,3032,0.5024435456690259,0.07027895085748294,1.327091032648833
S,6316,6350,86.31356525618874,3034,0.4148042801029392,0.08996360900090634,1.4388079252268378
S,6316,6356,102.39170138398498,3031,0.5042779814911821,0.07665713985327621,1.3621515658807053
S,6316,6370,118.59571909196757,3033,0.4465462074157726,0.08442727414072887,1.4063176858691113
S,6316,6375,138.84201203304872,3032,0.4060422796120736,0.08409228620570669,1.4043795458302006
S,6316,6380,166.28311286888982,3034,0.3706343549536707,0.08543040083556615,1.4121402100286724
S,6316,6391,173.80111114642372,3034,0.3721227621483376,0.09325300448899419,1.4585307599965835
S,6319,6320,79.06944119511623,3104,0.5472591275237996,0.07483136468172508,1.352007925635001
S,6319,6330,87.09917208591654,3101,0.5485848378909056,0.07099293105357998,1.330963922006826
S,6319,6343,80.48490377694068,3092,0.6222284931065065,0.06248088978499017,1.285614448951888
S,6319,6344,91.28707327434243,3104,0.5689944933133091,0.0667880680318611,1.3083390050150931
S,6319,6348,110.73048674220284,3102,0.5184142330309978,0.06487460974670799,1.298188114046591
S,6319,6350,83.58286857197665,3104,0.45457234118064593,0.07173902289579101,1.3350247943712823
S,6319,6356,113.32621476187492,3101,0.5096820373719109,0.0714653192115137,1.3335334217525656
S,6319,6370,108.22814100627969,3103,0.514290897363541,0.07083109338252545,1.3300849259597383
S,6319,6375,136.70868547040317,3104,0.4431331493290187,0.07703335537435263,1.3642526253697007
S,6319,6380,137.48819982592005,3104,0.43780730201903967,0.0770540079370265,1.3643680724396308
S,6319,6391,164.92237791018735,3104,0.45145058573787245,0.0865239300295752,1.4185196499316834
S,6320,6330,31.79164713431661,3125,0.6728574689033435,0.043282727147590065,1.189538384993716
S,6320,6343,44.23486723951322,3116,0.5594135802469136,0.061286472904617396,1.279391763050392
S,6320,6344,53.39303727443628,3128,0.5535005179558011,0.06502425672454848,1.2989787717122028
S,6320,6348,86.2051133193942,3126,0.46338263358778625,0.07347803696347732,1.344545150455408
S,6320,6350,95.90505203530941,3128,0.3227494266055046,0.09426033427577811,1.4646345538217411
S,6320,6356,101.52101035177863,3125,0.4185200534143758,0.08119017600512056,1.3877185842045254
S,6320,6370,129.0218978755549,3127,0.37369791666666663,0.08818581402108874,1.4282796320455295
S,6320,6375,143.18697981764183,3126,0.4080177919708029,0.08637299968412242,1.4176371446649338
S,6320,6380,184.16668918549954,3128,0.3636875,0.08885793507797812,1.432249300955528
S,6320,6391,180.44186946543144,3128,0.35566046779141103,0.09423000058159416,1.4644503078919335
S,6330,6343,17.109402673317863,3113,0.6239935587761675,0.054988628057240675,1.2471335858999744
S,6330,6344,22.53140606251173,3125,0.5952898550724638,0.061334035636419176,1.2796389080488746
S,6330,6348,55.12543904430616,3123,0.5303232998885172,0.06669227852095722,1.3078287102445867
S,6330,6350,73.3335710498946,3125,0.38788244766505636,0.08741755787063936,1.423758012674861
S,6330,6356,71.73961868077272,3122,0.46015281512784395,0.07564029153827917,1.3564913917604047
S,6330,6370,105.35569371338306,3124,0.39368923133370026,0.08310383810139656,1.398678835146527
S,6330,6375,115.0313663789763,3123,0.3927324658838464,0.08349275530428447,1.4009186220291612
S,6330,6380,165.81305885885286,3125,0.3582898550724638,0.08697850712668191,1.4211815056964114
S,6330,6391,153.00895534379436,3125,0.3679870187605584,0.09080772061760058,1.4438388757219864
S,6343,6344,11.970381205993075,3116,0.7311063365391174,0.04403029379603824,1.1931281538968859
S,6343,6348,42.92006278462332,3114,0.6212892281594572,0.055484621658606265,1.2496409544508191
S,6343,6350,56.224236534561534,3116,0.44753086419753085,0.07534917421678029,1.3548759104744816
S,6343,6356,57.296802702655434,3113,0.5709876543209877,0.062200953048830325,1.284152985174351
S,6343,6370,88.34775672622617,3115,0.47979268576752854,0.07351990703330095,1.3447753283013921
S,6343,6375,99.36755813440578,3114,0.45805172569162833,0.07229980767487511,1.3380863930961946
S,6343,6380,148.80867049220907,3116,0.41101234567901235,0.07847707469838681,1.3723502091480977
S,6343,6391,137.03949351670772,3116,0.4184655002650912,0.08201532723017818,1.3924322233477824
S,6344,6348,32.82436246226163,3126,0.5987094597444225,0.057466002960108016,1.2597133930703535
S,6344,6350,55.36018507634936,3128,0.4115768665416392,0.0785743986691327,1.3728980793810048
S,6344,6356,49.25295699669596,3125,0.5587719298245614,0.06444931448006666,1.2959440387661474
S,6344,6370,85.63873195901121,3127,0.4725668021821467,0.07595204989232666,1.3582238747907687
S,6344,6375,92.89107456787457,3126,0.45525668427632376,0.07267116650314849,1.3401182452795286
S,6344,6380,148.5867817852313,3128,0.39222099447513814,0.08184213722740893,1.3914413407642539
S,6344,6391,131.02422221321183,3128,0.41975392332983086,0.08502605370248048,1.409789840837479
S,6348,6350,44.94980540861478,3126,0.5405711054566016,0.06600037826420314,1.3041494736803332
S,6348,6356,19.496500443473575,3123,0.6201508861211553,0.043745031292306,1.1917569529871
S,6348,6370,65.59666448229652,3125,0.5499543905132267,0.06252202188367834,1.2858293446124243
S,6348,6375,63.83120811986752,3124,0.552515740792333,0.0646518999580017,1.297012436492842
S,6348,6380,131.73148821437658,3126,0.4377404580152672,0.07712724607300468,1.3647775618398907
S,6348,6391,102.01433134034501,3126,0.4543623846766262,0.0764076829968724,1.3607604761930006
S,6350,6356,35.62809713159677,3125,0.5408015451472719,0.06402582433141975,1.2937138385925457
S,6350,6370,33.14298112525104,3127,0.5180312734406555,0.06111758004766076,1.278514596480296
S,6350,6375,54.27267796023597,3126,0.4942074599879462,0.07043426902336303,1.327932439411438
S,6350,6380,93.23481288185613,3128,0.43794495412844037,0.0809674153733055,1.3864492564244726
S,6350,6391,87.53785926398716,3128,0.39804131254573083,0.08114643698163548,1.3874692453222734
S,6356,6370,48.109214508178646,3124,0.5236138870382707,0.06195328750809885,1.2828615567306387
S,6356,6375,44.53817209508827,3123,0.5346362229102167,0.05966812548519817,1.2710143368610143
S,6356,6380,114.23026956751664,3125,0.43128654970760233,0.07506557192135878,1.3533042604279955
S,6356,6391,82.8073648703466,3125,0.44476933073424296,0.07447530477412517,1.350039871291571
S,6370,6375,32.54978547440632,3125,0.6046917320846532,0.05517202082879052,1.2480600295493345
S,6370,6380,66.21697753329887,3127,0.5215597484276729,0.06683442350412726,1.3085860332891162
S,6370,6391,56.98351948846195,3127,0.5280317938032951,0.06515532997402596,1.2996717424184323
S,6375,6380,83.85118474132057,3126,0.5278248175182483,0.06931556930406198,1.321885651599041
S,6375,6391,38.2855117722607,3126,0.5172182168286239,0.06688243879030638,1.3088419624616665
S,6380,6391,72.43576437811697,3128,0.5088588957055215,0.06828239963006565,1.3163290056812842
