station,year,n_hours,n_fx_present,n_months_present,fx_present_share
06201,2009,6984,6970,10,0.9979954180985109
06201,2010,8760,8511,12,0.9715753424657534
06201,2011,8760,8760,12,1.0
06201,2012,8784,7005,12,0.7974726775956285
06201,2013,8760,8756,12,0.9995433789954338
06201,2014,8760,8735,12,0.9971461187214612
06201,2015,8760,8760,12,1.0
06201,2016,8784,8779,12,0.9994307832422586
06201,2017,8760,8755,12,0.9994292237442922
06201,2018,8760,8494,12,0.969634703196347
06201,2019,8760,8760,12,1.0
06201,2020,8784,8784,12,1.0
06201,2021,8760,8760,12,1.0
06201,2022,8760,8683,12,0.9912100456621005
06201,2023,8760,8740,12,0.997716894977169
06201,2024,8784,8678,12,0.9879326047358834
06201,2025,8760,6200,12,0.7077625570776256
06201,2026,3024,3024,5,1.0
06203,2009,1272,1228,2,0.9654088050314465
06203,2010,8760,8740,12,0.997716894977169
06203,2011,8760,8733,12,0.9969178082191781
06203,2012,8784,8477,12,0.9650500910746812
06203,2013,8760,8732,12,0.9968036529680365
06203,2014,8760,8721,12,0.9955479452054794
06203,2015,8760,8721,12,0.9955479452054794
06203,2016,8784,8713,12,0.9919171220400729
06203,2017,8760,8756,12,0.9995433789954338
06203,2018,8760,8686,12,0.9915525114155251
06203,2019,8760,7902,12,0.9020547945205479
06203,2020,8784,8784,12,1.0
06203,2021,8760,8519,12,0.9724885844748858
06203,2022,8760,8730,12,0.9965753424657534
06203,2023,8760,8760,12,1.0
06203,2024,8784,8543,12,0.972563752276867
06203,2025,8760,8390,12,0.9577625570776256
06203,2026,3024,2848,5,0.9417989417989417
06204,2006,600,0,1,0.0
06204,2007,8760,0,12,0.0
06204,2008,8784,1457,12,0.16586976320582877
06204,2009,8760,7598,12,0.867351598173516
06204,2010,8760,8555,12,0.9765981735159818
06204,2011,8760,8363,12,0.9546803652968037
06204,2012,8784,8779,12,0.9994307832422586
06204,2013,8760,8751,12,0.998972602739726
06204,2014,8760,8714,12,0.9947488584474886
06204,2015,8760,8760,12,1.0
06204,2016,8784,8742,12,0.9952185792349727
06204,2017,8760,8755,12,0.9994292237442922
06204,2018,8760,8760,12,1.0
06204,2019,8760,8249,12,0.9416666666666667
06204,2020,8784,8784,12,1.0
06204,2021,8760,8760,12,1.0
06204,2022,8760,8712,12,0.9945205479452055
06204,2023,8760,8750,12,0.9988584474885844
06204,2024,8784,8784,12,1.0
06204,2025,8760,8269,12,0.9439497716894977
06204,2026,3024,2799,5,0.9255952380952381
06205,2009,6984,6546,10,0.9372852233676976
06205,2010,8760,8548,12,0.9757990867579909
06205,2011,8760,8739,12,0.9976027397260274
06205,2012,8784,8606,12,0.979735883424408
06205,2013,8760,8753,12,0.9992009132420091
06205,2014,8760,8739,12,0.9976027397260274
06205,2015,8760,8715,12,0.9948630136986302
06205,2016,8784,8779,12,0.9994307832422586
06205,2017,8760,8712,12,0.9945205479452055
06205,2018,8760,8684,12,0.991324200913242
06205,2019,8760,7675,12,0.8761415525114156
06205,2020,8784,8769,12,0.9982923497267759
06205,2021,8760,8378,12,0.9563926940639269
06205,2022,8760,8755,12,0.9994292237442922
06205,2023,8760,8606,12,0.9824200913242009
06205,2024,8784,8281,12,0.9427367941712204
06205,2025,8760,8503,12,0.970662100456621
06205,2026,3024,3024,5,1.0
06206,2006,600,545,1,0.9083333333333333
06206,2007,8760,7856,12,0.8968036529680365
06206,2008,8784,8731,12,0.9939663023679417
06206,2009,8760,7403,12,0.8450913242009133
06206,2010,8760,7615,12,0.8692922374429224
06206,2011,8760,8760,12,1.0
06206,2012,8784,5568,12,0.6338797814207651
06206,2013,8760,8760,12,1.0
06206,2014,8760,8693,12,0.992351598173516
06206,2015,8760,8743,12,0.9980593607305936
06206,2016,8784,8617,12,0.980988160291439
06206,2017,8760,8633,12,0.9855022831050229
06206,2018,8760,8686,12,0.9915525114155251
06206,2019,8760,8760,12,1.0
06206,2020,5855,5844,8,0.9981212638770282
06207,2006,600,0,1,0.0
06207,2007,8760,0,12,0.0
06207,2008,8784,1666,12,0.18966302367941712
06207,2009,8760,7302,12,0.8335616438356165
06207,2010,8760,8602,12,0.9819634703196347
06207,2011,8760,8365,12,0.9549086757990868
06207,2012,8784,8676,12,0.9877049180327869
06207,2013,8760,8625,12,0.9845890410958904
06207,2014,8760,8608,12,0.982648401826484
06207,2015,8760,8757,12,0.9996575342465753
06207,2016,8784,8747,12,0.995787795992714
06207,2017,8760,8760,12,1.0
06207,2018,8760,8760,12,1.0
06207,2019,8760,8738,12,0.9974885844748859
06207,2020,8784,8784,12,1.0
06207,2021,8760,8728,12,0.9963470319634703
06207,2022,8760,8741,12,0.9978310502283105
06207,2023,8760,8735,12,0.9971461187214612
06207,2024,8784,8441,12,0.9609517304189436
06207,2025,8760,8181,12,0.9339041095890411
06207,2026,3024,2789,5,0.9222883597883598
06208,2006,600,0,1,0.0
06208,2007,8760,0,12,0.0
06208,2008,8784,2206,12,0.2511384335154827
06208,2009,8760,8407,12,0.9597031963470319
06208,2010,8760,8678,12,0.9906392694063927
06208,2011,8760,6116,12,0.6981735159817352
06208,2012,8784,8747,12,0.995787795992714
06208,2013,8760,8649,12,0.9873287671232877
06208,2014,8760,8736,12,0.9972602739726028
06208,2015,8760,8760,12,1.0
06208,2016,8784,8752,12,0.9963570127504554
06208,2017,8760,8662,12,0.9888127853881279
06208,2018,8760,8734,12,0.9970319634703196
06208,2019,8760,8746,12,0.9984018264840183
06208,2020,8784,8743,12,0.995332422586521
06208,2021,8760,8760,12,1.0
06208,2022,8760,8592,12,0.9808219178082191
06208,2023,8760,7411,12,0.8460045662100457
06208,2024,8784,8664,12,0.9863387978142076
06208,2025,8760,8366,12,0.9550228310502283
06208,2026,3024,2801,5,0.9262566137566137
06209,2001,8064,8028,12,0.9955357142857143
06209,2002,8760,7411,12,0.8460045662100457
06209,2003,8040,7727,11,0.9610696517412936
06209,2004,8784,8784,12,1.0
06209,2005,8760,8645,12,0.9868721461187214
06209,2006,8760,8760,12,1.0
06209,2007,8760,8760,12,1.0
06209,2008,8784,8784,12,1.0
06209,2009,8760,8276,12,0.9447488584474886
06209,2010,8760,8760,12,1.0
06209,2011,8760,8760,12,1.0
06209,2012,8784,8784,12,1.0
06209,2013,8760,8760,12,1.0
06209,2014,8760,8760,12,1.0
06209,2015,8760,8760,12,1.0
06209,2016,8784,7195,12,0.8191029143897997
06209,2017,8760,8760,12,1.0
06209,2018,8760,8077,12,0.9220319634703197
06209,2019,8760,8760,12,1.0
06209,2020,8784,8784,12,1.0
06209,2021,8760,8018,12,0.9152968036529681
06209,2022,8760,8485,12,0.968607305936073
06209,2023,8760,8760,12,1.0
06209,2024,8784,8587,12,0.9775728597449909
06209,2025,8760,8760,12,1.0
06209,2026,3024,3024,5,1.0
06210,1951,8760,0,12,0.0
06210,1952,8784,0,12,0.0
06210,1953,8760,0,12,0.0
06210,1954,8760,0,12,0.0
06210,1955,8760,0,12,0.0
06210,1956,8760,0,12,0.0
06210,1957,8760,0,12,0.0
06210,1958,8760,0,12,0.0
06210,1959,8760,0,12,0.0
06210,1960,8784,0,12,0.0
06210,1961,8760,0,12,0.0
06210,1962,8760,0,12,0.0
06210,1963,8760,0,12,0.0
06210,1964,8784,0,12,0.0
06210,1965,8760,0,12,0.0
06210,1966,8760,0,12,0.0
06210,1967,8760,0,12,0.0
06210,1968,8784,0,12,0.0
06210,1969,8760,0,12,0.0
06210,1970,8760,1,12,0.00011415525114155251
06210,1971,8760,8722,12,0.995662100456621
06210,1972,8784,8782,12,0.9997723132969034
06210,1973,8760,8756,12,0.9995433789954338
06210,1974,8760,8760,12,1.0
06210,1975,8760,8760,12,1.0
06210,1976,8784,8784,12,1.0
06210,1977,8760,8760,12,1.0
06210,1978,8760,8760,12,1.0
06210,1979,8760,8760,12,1.0
06210,1980,8784,8784,12,1.0
06210,1981,8760,8723,12,0.9957762557077625
06210,1982,8760,8560,12,0.9771689497716894
06210,1983,8760,8682,12,0.9910958904109589
06210,1984,8784,8753,12,0.9964708561020036
06210,1985,8760,8680,12,0.9908675799086758
06210,1986,8760,8736,12,0.9972602739726028
06210,1987,8760,8758,12,0.9997716894977169
06210,1988,8784,8784,12,1.0
06210,1989,8760,8758,12,0.9997716894977169
06210,1990,8760,8759,12,0.9998858447488584
06210,1991,8760,8715,12,0.9948630136986302
06210,1992,8784,8737,12,0.9946493624772313
06210,1993,8760,8674,12,0.9901826484018265
06210,1994,8760,8752,12,0.9990867579908675
06210,1995,8760,8759,12,0.9998858447488584
06210,1996,8784,8784,12,1.0
06210,1997,8760,8760,12,1.0
06210,1998,8760,8760,12,1.0
06210,1999,8760,8760,12,1.0
06210,2000,8784,8784,12,1.0
06210,2001,8760,8760,12,1.0
06210,2002,8760,8760,12,1.0
06210,2003,8040,8040,11,1.0
06210,2004,8784,8784,12,1.0
06210,2005,8760,8760,12,1.0
06210,2006,8760,8760,12,1.0
06210,2007,8760,8760,12,1.0
06210,2008,8784,8784,12,1.0
06210,2009,8760,8760,12,1.0
06210,2010,8760,8760,12,1.0
06210,2011,8760,8760,12,1.0
06210,2012,8784,8784,12,1.0
06210,2013,8760,8760,12,1.0
06210,2014,8760,8760,12,1.0
06210,2015,8760,8760,12,1.0
06210,2016,2952,2952,5,1.0
06211,2009,6984,6582,10,0.9424398625429553
06211,2010,8760,7981,12,0.9110730593607306
06211,2011,8760,8602,12,0.9819634703196347
06211,2012,8784,8144,12,0.9271402550091075
06211,2013,8760,8680,12,0.9908675799086758
06211,2014,8760,8760,12,1.0
06211,2015,8760,8760,12,1.0
06211,2016,8784,8751,12,0.9962431693989071
06211,2017,8760,8760,12,1.0
06211,2018,8760,8630,12,0.9851598173515982
06211,2019,8760,8745,12,0.9982876712328768
06211,2020,8784,8644,12,0.9840619307832422
06211,2021,8760,8760,12,1.0
06211,2022,8760,8760,12,1.0
06211,2023,8760,8755,12,0.9994292237442922
06211,2024,8784,8470,12,0.9642531876138434
06211,2025,8760,8760,12,1.0
06211,2026,3024,3024,5,1.0
06212,2009,6984,6978,10,0.9991408934707904
06212,2010,8760,8664,12,0.989041095890411
06212,2011,8760,8731,12,0.996689497716895
06212,2012,8784,8784,12,1.0
06212,2013,8760,8748,12,0.9986301369863013
06212,2014,8760,8760,12,1.0
06212,2015,8760,8602,12,0.9819634703196347
06212,2016,8784,8722,12,0.9929417122040073
06212,2017,8760,8652,12,0.9876712328767123
06212,2018,8760,8667,12,0.9893835616438356
06212,2019,8760,8690,12,0.9920091324200914
06212,2020,8784,8775,12,0.9989754098360656
06212,2021,8760,7341,12,0.838013698630137
06212,2022,8016,4474,11,0.5581337325349301
06213,2025,912,912,2,1.0
06213,2026,3024,3024,5,1.0
06214,2016,8040,7206,11,0.8962686567164179
06214,2017,8760,8760,12,1.0
06214,2018,8760,8760,12,1.0
06214,2019,8760,8760,12,1.0
06214,2020,8784,8784,12,1.0
06214,2021,8760,8755,12,0.9994292237442922
06214,2022,8760,8760,12,1.0
06214,2023,8760,8760,12,1.0
06214,2024,8784,8773,12,0.998747723132969
06214,2025,8760,8591,12,0.9807077625570776
06214,2026,3024,3024,5,1.0
06215,2014,4080,4070,6,0.9975490196078431
06215,2015,8760,8760,12,1.0
06215,2016,8784,8784,12,1.0
06215,2017,8760,8760,12,1.0
06215,2018,8760,8760,12,1.0
06215,2019,8760,8760,12,1.0
06215,2020,8784,8784,12,1.0
06215,2021,8760,8760,12,1.0
06215,2022,8760,8760,12,1.0
06215,2023,8760,8760,12,1.0
06215,2024,8784,8784,12,1.0
06215,2025,8760,8731,12,0.996689497716895
06215,2026,3024,3024,5,1.0
06216,2024,2665,2661,4,0.9984990619136961
06216,2025,8760,8760,12,1.0
06216,2026,3024,3019,5,0.9983465608465608
06218,2025,912,912,2,1.0
06218,2026,3024,3019,5,0.9983465608465608
06225,1971,8760,0,12,0.0
06225,1972,8784,0,12,0.0
06225,1973,8760,0,12,0.0
06225,1974,8760,0,12,0.0
06225,1975,8760,0,12,0.0
06225,1976,8784,0,12,0.0
06225,1977,8760,0,12,0.0
06225,1978,8760,0,12,0.0
06225,1979,8760,0,12,0.0
06225,1980,8784,0,12,0.0
06225,1981,8760,8595,12,0.9811643835616438
06225,1982,8760,8628,12,0.9849315068493151
06225,1983,8760,8211,12,0.9373287671232877
06225,1984,8784,8363,12,0.9520719489981785
06225,1985,8760,1369,12,0.1562785388127854
06225,1986,8760,2281,12,0.26038812785388127
06225,1987,8760,4188,12,0.4780821917808219
06225,1988,8784,4360,12,0.49635701275045535
06225,1989,8760,5345,12,0.6101598173515982
06225,1990,8760,8494,12,0.969634703196347
06225,1991,8760,8560,12,0.9771689497716894
06225,1992,8784,8533,12,0.9714253187613844
06225,1993,8760,8598,12,0.9815068493150685
06225,1994,8760,8591,12,0.9807077625570776
06225,1995,8760,8622,12,0.9842465753424657
06225,1996,8784,8784,12,1.0
06225,1997,8760,8760,12,1.0
06225,1998,8760,8760,12,1.0
06225,1999,8760,8760,12,1.0
06225,2000,8784,8784,12,1.0
06225,2001,8760,8760,12,1.0
06225,2002,8760,8760,12,1.0
06225,2003,8040,8040,11,1.0
06225,2004,8784,8784,12,1.0
06225,2005,8760,8760,12,1.0
06225,2006,8760,8760,12,1.0
06225,2007,8760,8760,12,1.0
06225,2008,8784,8784,12,1.0
06225,2009,8760,8760,12,1.0
06225,2010,8760,8760,12,1.0
06225,2011,8760,8760,12,1.0
06225,2012,8784,8784,12,1.0
06225,2013,8760,8760,12,1.0
06225,2014,8760,8760,12,1.0
06225,2015,8760,8760,12,1.0
06225,2016,8784,8784,12,1.0
06225,2017,8760,8760,12,1.0
06225,2018,8760,8760,12,1.0
06225,2019,8760,8760,12,1.0
06225,2020,8784,8784,12,1.0
06225,2021,8760,8760,12,1.0
06225,2022,8760,8760,12,1.0
06225,2023,8760,8760,12,1.0
06225,2024,8784,8648,12,0.9845173041894353
06225,2025,8760,8640,12,0.9863013698630136
06225,2026,3024,3024,5,1.0
06229,1971,8760,8143,12,0.9295662100456621
06229,1972,8784,7983,12,0.9088114754098361
06229,1973,8736,8631,12,0.9879807692307693
06229,1974,8760,6634,12,0.7573059360730594
06229,1975,8760,0,12,0.0
06229,1976,8784,3987,12,0.45389344262295084
06229,1977,8760,7666,12,0.8751141552511416
06229,1978,8759,8252,12,0.9421166799862998
06229,1979,8760,8713,12,0.9946347031963471
06229,1980,8784,6916,12,0.7873406193078324
06229,1981,8760,7698,12,0.8787671232876713
06229,1982,8760,8434,12,0.9627853881278539
06229,1983,8760,8103,12,0.925
06229,1984,8784,8075,12,0.9192850637522769
06229,1985,8760,8554,12,0.9764840182648402
06229,1986,8760,8655,12,0.988013698630137
06229,1987,8760,8423,12,0.9615296803652968
06229,1988,8784,8767,12,0.9980646630236795
06229,1989,8760,8687,12,0.9916666666666667
06229,1990,8736,8362,12,0.9571886446886447
06229,1991,8760,8505,12,0.9708904109589042
06229,1992,8784,8448,12,0.9617486338797814
06229,1993,8760,8708,12,0.9940639269406393
06229,1994,8760,8671,12,0.9898401826484018
06229,1995,8760,8748,12,0.9986301369863013
06229,1996,8784,8784,12,1.0
06229,1997,8760,8760,12,1.0
06229,1998,8760,8760,12,1.0
06229,1999,8760,2198,12,0.2509132420091324
06229,2000,8784,0,12,0.0
06229,2001,8760,8218,12,0.9381278538812785
06229,2002,8760,8739,12,0.9976027397260274
06229,2003,8040,8040,11,1.0
06229,2004,8784,8784,12,1.0
06229,2005,8760,8760,12,1.0
06229,2006,8760,8760,12,1.0
06229,2007,8760,8411,12,0.9601598173515982
06229,2008,8784,8784,12,1.0
06229,2009,8760,8760,12,1.0
06229,2010,8760,8594,12,0.9810502283105023
06229,2011,8760,8760,12,1.0
06229,2012,8784,8784,12,1.0
06229,2013,8760,8760,12,1.0
06229,2014,744,133,1,0.17876344086021506
06229,2017,432,432,1,1.0
06229,2018,8760,8345,12,0.9526255707762558
06229,2019,8760,8760,12,1.0
06229,2020,8784,8784,12,1.0
06229,2021,8760,8626,12,0.984703196347032
06229,2022,8760,8639,12,0.9861872146118722
06229,2023,8760,8620,12,0.9840182648401826
06229,2024,8784,6010,12,0.6841985428051002
06229,2025,8760,8760,12,1.0
06229,2026,3024,3024,5,1.0
06235,1951,8760,0,12,0.0
06235,1952,8784,0,12,0.0
06235,1953,8760,0,12,0.0
06235,1954,8760,0,12,0.0
06235,1955,8760,0,12,0.0
06235,1956,8760,0,12,0.0
06235,1957,8760,0,12,0.0
06235,1958,8760,0,12,0.0
06235,1959,8760,0,12,0.0
06235,1960,8784,0,12,0.0
06235,1961,8760,0,12,0.0
06235,1962,8760,0,12,0.0
06235,1963,8760,0,12,0.0
06235,1964,8784,0,12,0.0
06235,1965,8760,0,12,0.0
06235,1966,8760,0,12,0.0
06235,1967,8760,0,12,0.0
06235,1968,8784,0,12,0.0
06235,1969,8760,0,12,0.0
06235,1970,8760,0,12,0.0
06235,1971,8760,8760,12,1.0
06235,1972,8784,8563,12,0.9748406193078324
06235,1973,8760,8760,12,1.0
06235,1974,8760,8695,12,0.992579908675799
06235,1975,8760,8676,12,0.9904109589041096
06235,1976,8784,8784,12,1.0
06235,1977,8760,8760,12,1.0
06235,1978,8760,8760,12,1.0
06235,1979,8760,8698,12,0.9929223744292237
06235,1980,8784,8773,12,0.998747723132969
06235,1981,8760,8754,12,0.9993150684931507
06235,1982,8760,8760,12,1.0
06235,1983,8760,8760,12,1.0
06235,1984,8784,8773,12,0.998747723132969
06235,1985,8760,8714,12,0.9947488584474886
06235,1986,8760,8726,12,0.9961187214611872
06235,1987,8760,8756,12,0.9995433789954338
06235,1988,8784,8777,12,0.9992030965391621
06235,1989,8760,8746,12,0.9984018264840183
06235,1990,8760,8760,12,1.0
06235,1991,8760,8760,12,1.0
06235,1992,8784,8773,12,0.998747723132969
06235,1993,8760,8755,12,0.9994292237442922
06235,1994,8760,8650,12,0.9874429223744292
06235,1995,8760,8729,12,0.9964611872146119
06235,1996,8784,8784,12,1.0
06235,1997,8760,8760,12,1.0
06235,1998,8760,8760,12,1.0
06235,1999,8760,8760,12,1.0
06235,2000,8784,8784,12,1.0
06235,2001,8760,8760,12,1.0
06235,2002,8760,8738,12,0.9974885844748859
06235,2003,8040,8040,11,1.0
06235,2004,8784,8784,12,1.0
06235,2005,8760,8760,12,1.0
06235,2006,8760,8760,12,1.0
06235,2007,8760,8760,12,1.0
06235,2008,8784,8784,12,1.0
06235,2009,8760,8760,12,1.0
06235,2010,8760,8760,12,1.0
06235,2011,8760,8760,12,1.0
06235,2012,8784,8784,12,1.0
06235,2013,8760,8760,12,1.0
06235,2014,8760,8760,12,1.0
06235,2015,8760,8760,12,1.0
06235,2016,8784,8784,12,1.0
06235,2017,8760,8760,12,1.0
06235,2018,8760,8760,12,1.0
06235,2019,8760,8760,12,1.0
06235,2020,8784,8784,12,1.0
06235,2021,8760,8760,12,1.0
06235,2022,8760,8760,12,1.0
06235,2023,8760,8760,12,1.0
06235,2024,8784,8784,12,1.0
06235,2025,8760,8760,12,1.0
06235,2026,3024,3024,5,1.0
06239,1994,8760,8354,12,0.9536529680365297
06239,1995,8760,8478,12,0.9678082191780822
06239,1996,8784,8784,12,1.0
06239,1997,8760,8157,12,0.9311643835616439
06239,1998,8760,8760,12,1.0
06239,1999,8760,8760,12,1.0
06239,2000,8784,8686,12,0.9888433515482696
06239,2001,8760,8760,12,1.0
06239,2002,8760,8760,12,1.0
06239,2003,8040,7725,11,0.960820895522388
06239,2004,8784,8784,12,1.0
06239,2005,8760,8701,12,0.9932648401826484
06239,2006,8760,8760,12,1.0
06239,2007,8760,5214,12,0.5952054794520548
06239,2008,8784,4277,12,0.486908014571949
06239,2009,8760,1393,12,0.15901826484018264
06239,2010,8760,8760,12,1.0
06239,2011,8760,8743,12,0.9980593607305936
06239,2012,8784,8764,12,0.9977231329690346
06239,2013,8760,8368,12,0.9552511415525115
06239,2014,8760,8353,12,0.9535388127853881
06239,2015,8760,8539,12,0.9747716894977169
06239,2016,8784,8713,12,0.9919171220400729
06239,2017,8760,8760,12,1.0
06239,2018,8760,8647,12,0.9871004566210045
06239,2019,8760,8755,12,0.9994292237442922
06239,2020,8784,2405,12,0.2737932604735883
06239,2021,8760,4025,12,0.4594748858447489
06239,2022,8760,8760,12,1.0
06239,2023,8760,8723,12,0.9957762557077625
06239,2024,8784,8267,12,0.9411429872495446
06239,2025,8760,7619,12,0.8697488584474886
06239,2026,3024,3024,5,1.0
06240,1951,8760,0,12,0.0
06240,1952,8784,0,12,0.0
06240,1953,8760,0,12,0.0
06240,1954,8760,0,12,0.0
06240,1955,8760,0,12,0.0
06240,1956,8760,0,12,0.0
06240,1957,8760,0,12,0.0
06240,1958,8760,0,12,0.0
06240,1959,8760,0,12,0.0
06240,1960,8784,0,12,0.0
06240,1961,8760,0,12,0.0
06240,1962,8760,0,12,0.0
06240,1963,8760,0,12,0.0
06240,1964,8784,0,12,0.0
06240,1965,8760,0,12,0.0
06240,1966,8760,0,12,0.0
06240,1967,8760,0,12,0.0
06240,1968,8784,0,12,0.0
06240,1969,8760,0,12,0.0
06240,1970,8760,1,12,0.00011415525114155251
06240,1971,8760,8760,12,1.0
06240,1972,8784,8784,12,1.0
06240,1973,8760,8760,12,1.0
06240,1974,8760,8760,12,1.0
06240,1975,8760,8760,12,1.0
06240,1976,8784,8784,12,1.0
06240,1977,8760,8760,12,1.0
06240,1978,8760,8760,12,1.0
06240,1979,8760,8760,12,1.0
06240,1980,8784,8784,12,1.0
06240,1981,8760,8760,12,1.0
06240,1982,8760,8760,12,1.0
06240,1983,8760,8760,12,1.0
06240,1984,8784,8784,12,1.0
06240,1985,8760,8760,12,1.0
06240,1986,8760,8754,12,0.9993150684931507
06240,1987,8760,8760,12,1.0
06240,1988,8784,8784,12,1.0
06240,1989,8760,8760,12,1.0
06240,1990,8760,8760,12,1.0
06240,1991,8760,8760,12,1.0
06240,1992,8784,8780,12,0.9995446265938069
06240,1993,8760,8760,12,1.0
06240,1994,8760,8759,12,0.9998858447488584
06240,1995,8760,8759,12,0.9998858447488584
06240,1996,8784,8784,12,1.0
06240,1997,8760,8760,12,1.0
06240,1998,8760,8760,12,1.0
06240,1999,8760,8760,12,1.0
06240,2000,8784,8784,12,1.0
06240,2001,8760,8760,12,1.0
06240,2002,8760,8760,12,1.0
06240,2003,8040,8040,11,1.0
06240,2004,8784,8784,12,1.0
06240,2005,8760,8760,12,1.0
06240,2006,8760,8760,12,1.0
06240,2007,8760,8760,12,1.0
06240,2008,8784,8784,12,1.0
06240,2009,8760,8760,12,1.0
06240,2010,8760,8760,12,1.0
06240,2011,8760,8760,12,1.0
06240,2012,8784,8784,12,1.0
06240,2013,8760,8760,12,1.0
06240,2014,8760,8760,12,1.0
06240,2015,8760,8760,12,1.0
06240,2016,8784,8784,12,1.0
06240,2017,8760,8760,12,1.0
06240,2018,8760,8760,12,1.0
06240,2019,8760,8760,12,1.0
06240,2020,8784,8784,12,1.0
06240,2021,8760,8760,12,1.0
06240,2022,8760,8760,12,1.0
06240,2023,8760,8760,12,1.0
06240,2024,8784,8784,12,1.0
06240,2025,8760,8760,12,1.0
06240,2026,3024,3024,5,1.0
06242,1981,8760,8089,12,0.9234018264840183
06242,1982,8760,8263,12,0.9432648401826484
06242,1983,8760,8241,12,0.9407534246575342
06242,1984,8784,8045,12,0.9158697632058288
06242,1985,8760,7765,12,0.8864155251141552
06242,1986,8760,6234,12,0.7116438356164384
06242,1987,8760,6933,12,0.7914383561643835
06242,1988,8784,7831,12,0.8915072859744991
06242,1989,8760,2569,12,0.2932648401826484
06242,1995,2928,0,4,0.0
06242,1996,8784,8784,12,1.0
06242,1997,8760,8760,12,1.0
06242,1998,8760,8760,12,1.0
06242,1999,8760,8760,12,1.0
06242,2000,8784,8784,12,1.0
06242,2001,8760,8760,12,1.0
06242,2002,8760,8737,12,0.9973744292237443
06242,2003,8040,8040,11,1.0
06242,2004,8784,8784,12,1.0
06242,2005,8760,8760,12,1.0
06242,2006,8760,8760,12,1.0
06242,2007,8760,8760,12,1.0
06242,2008,8784,8642,12,0.9838342440801457
06242,2009,8760,8760,12,1.0
06242,2010,8760,8760,12,1.0
06242,2011,8760,8760,12,1.0
06242,2012,8784,8784,12,1.0
06242,2013,8760,8760,12,1.0
06242,2014,8760,8760,12,1.0
06242,2015,8760,7996,12,0.9127853881278539
06242,2016,8784,8784,12,1.0
06242,2017,8760,8760,12,1.0
06242,2018,8760,8760,12,1.0
06242,2019,8760,8760,12,1.0
06242,2020,8784,8784,12,1.0
06242,2021,8760,8760,12,1.0
06242,2022,8760,8760,12,1.0
06242,2023,8760,8760,12,1.0
06242,2024,8784,8784,12,1.0
06242,2025,8760,8760,12,1.0
06242,2026,3024,3024,5,1.0
06248,1994,4080,3413,6,0.8365196078431373
06248,1995,8760,8558,12,0.9769406392694064
06248,1996,8784,8784,12,1.0
06248,1997,8760,8760,12,1.0
06248,1998,8760,8760,12,1.0
06248,1999,8760,8760,12,1.0
06248,2000,8784,8784,12,1.0
06248,2001,8760,8760,12,1.0
06248,2002,8760,8760,12,1.0
06248,2003,8040,8040,11,1.0
06248,2004,8784,8784,12,1.0
06248,2005,8760,8760,12,1.0
06248,2006,8760,8760,12,1.0
06248,2007,8760,8760,12,1.0
06248,2008,8784,8493,12,0.9668715846994536
06248,2009,8760,8760,12,1.0
06248,2010,8760,8467,12,0.9665525114155251
06248,2011,8760,8760,12,1.0
06248,2012,8784,8784,12,1.0
06248,2013,8760,8760,12,1.0
06248,2014,8760,8760,12,1.0
06248,2015,8760,8760,12,1.0
06248,2016,8784,8784,12,1.0
06248,2017,8760,8760,12,1.0
06248,2018,8760,8760,12,1.0
06248,2019,8760,8760,12,1.0
06248,2020,8784,8784,12,1.0
06248,2021,8760,8760,12,1.0
06248,2022,8760,8760,12,1.0
06248,2023,8760,8760,12,1.0
06248,2024,8784,8778,12,0.9993169398907104
06248,2025,8760,8760,12,1.0
06248,2026,3024,3024,5,1.0
06249,1999,6984,6825,10,0.977233676975945
06249,2000,8784,8784,12,1.0
06249,2001,8760,8760,12,1.0
06249,2002,8760,8760,12,1.0
06249,2003,8040,8040,11,1.0
06249,2004,8784,8784,12,1.0
06249,2005,8760,8760,12,1.0
06249,2006,8760,8760,12,1.0
06249,2007,8760,8760,12,1.0
06249,2008,8784,8784,12,1.0
06249,2009,8760,8760,12,1.0
06249,2010,8760,8760,12,1.0
06249,2011,8760,8760,12,1.0
06249,2012,8784,8784,12,1.0
06249,2013,8760,8760,12,1.0
06249,2014,8760,8760,12,1.0
06249,2015,8760,8760,12,1.0
06249,2016,8784,8784,12,1.0
06249,2017,8760,8760,12,1.0
06249,2018,8760,8760,12,1.0
06249,2019,8760,8760,12,1.0
06249,2020,8784,8784,12,1.0
06249,2021,8760,8760,12,1.0
06249,2022,8760,8760,12,1.0
06249,2023,8760,8760,12,1.0
06249,2024,8784,8784,12,1.0
06249,2025,8760,8709,12,0.9941780821917808
06249,2026,3024,3024,5,1.0
06251,1994,5280,5077,8,0.9615530303030303
06251,1995,8760,8758,12,0.9997716894977169
06251,1996,8784,8784,12,1.0
06251,1997,8760,8760,12,1.0
06251,1998,8760,8760,12,1.0
06251,1999,8760,8760,12,1.0
06251,2000,8784,8784,12,1.0
06251,2001,8760,8760,12,1.0
06251,2002,8760,8494,12,0.969634703196347
06251,2003,8040,8040,11,1.0
06251,2004,8784,8784,12,1.0
06251,2005,8760,8760,12,1.0
06251,2006,8760,8760,12,1.0
06251,2007,8760,8760,12,1.0
06251,2008,8784,8784,12,1.0
06251,2009,8760,8760,12,1.0
06251,2010,8760,8760,12,1.0
06251,2011,8760,8760,12,1.0
06251,2012,8784,8784,12,1.0
06251,2013,8760,8760,12,1.0
06251,2014,8760,8760,12,1.0
06251,2015,8760,8760,12,1.0
06251,2016,8784,8784,12,1.0
06251,2017,8760,8760,12,1.0
06251,2018,8760,8760,12,1.0
06251,2019,8760,8760,12,1.0
06251,2020,8784,8784,12,1.0
06251,2021,8760,8711,12,0.994406392694064
06251,2022,8760,8760,12,1.0
06251,2023,8760,8760,12,1.0
06251,2024,8784,8784,12,1.0
06251,2025,8760,8618,12,0.9837899543378995
06251,2026,3024,3024,5,1.0
06252,1996,4416,4416,6,1.0
06252,1997,8760,8759,12,0.9998858447488584
06252,1998,8760,8757,12,0.9996575342465753
06252,1999,8760,8760,12,1.0
06252,2000,8784,8784,12,1.0
06252,2001,8760,8760,12,1.0
06252,2002,8760,8760,12,1.0
06252,2003,8040,8040,11,1.0
06252,2004,8784,8784,12,1.0
06252,2005,8760,8760,12,1.0
06252,2006,8760,8697,12,0.9928082191780822
06252,2007,8760,8760,12,1.0
06252,2008,8784,8778,12,0.9993169398907104
06252,2009,8760,8760,12,1.0
06252,2010,8760,8760,12,1.0
06252,2011,8760,8760,12,1.0
06252,2012,8784,8784,12,1.0
06252,2013,8760,8760,12,1.0
06252,2014,8760,8742,12,0.9979452054794521
06252,2015,8760,8748,12,0.9986301369863013
06252,2016,8784,8784,12,1.0
06252,2017,8760,8760,12,1.0
06252,2018,8760,8686,12,0.9915525114155251
06252,2019,8760,8760,12,1.0
06252,2020,8784,5709,12,0.649931693989071
06252,2021,8760,8731,12,0.996689497716895
06252,2022,8760,8168,12,0.9324200913242009
06252,2023,8760,7522,12,0.858675799086758
06252,2024,8784,8784,12,1.0
06252,2025,8760,3877,12,0.4425799086757991
06252,2026,3024,2992,5,0.9894179894179894
06257,2001,5880,0,8,0.0
06257,2002,8760,0,12,0.0
06257,2003,8040,0,11,0.0
06257,2004,8784,0,12,0.0
06257,2005,8760,0,12,0.0
06257,2006,8760,0,12,0.0
06257,2007,8760,0,12,0.0
06257,2008,8784,0,12,0.0
06257,2009,8760,0,12,0.0
06257,2010,8760,0,12,0.0
06257,2011,8760,0,12,0.0
06257,2012,8784,0,12,0.0
06257,2013,8760,0,12,0.0
06257,2014,8760,0,12,0.0
06257,2015,8760,0,12,0.0
06257,2016,8784,0,12,0.0
06257,2017,8760,0,12,0.0
06257,2018,8760,0,12,0.0
06257,2019,8760,0,12,0.0
06257,2020,8784,0,12,0.0
06257,2021,8760,0,12,0.0
06257,2022,8760,0,12,0.0
06257,2023,8760,0,12,0.0
06257,2024,8784,0,12,0.0
06257,2025,8760,0,12,0.0
06257,2026,3024,0,5,0.0
06258,2006,8016,5685,11,0.7092065868263473
06258,2007,8760,7477,12,0.8535388127853881
06258,2008,8784,8493,12,0.9668715846994536
06258,2009,8760,8760,12,1.0
06258,2010,8760,8467,12,0.9665525114155251
06258,2011,8760,8760,12,1.0
06258,2012,8784,8784,12,1.0
06258,2013,8760,8760,12,1.0
06258,2014,8760,8760,12,1.0
06258,2015,8760,8760,12,1.0
06258,2016,8784,8659,12,0.9857695810564663
06258,2017,8760,8760,12,1.0
06258,2018,8760,8760,12,1.0
06258,2019,8760,8760,12,1.0
06258,2020,8784,8784,12,1.0
06258,2021,8760,8760,12,1.0
06258,2022,8760,8760,12,1.0
06258,2023,8760,8629,12,0.9850456621004566
06258,2024,8784,8524,12,0.9704007285974499
06258,2025,8760,8682,12,0.9910958904109589
06258,2026,3024,3024,5,1.0
06260,1951,8760,8760,12,1.0
06260,1952,8784,8784,12,1.0
06260,1953,8760,8760,12,1.0
06260,1954,8760,8760,12,1.0
06260,1955,8760,8760,12,1.0
06260,1956,8760,8760,12,1.0
06260,1957,8760,8760,12,1.0
06260,1958,8760,8760,12,1.0
06260,1959,8760,8760,12,1.0
06260,1960,8784,8784,12,1.0
06260,1961,8760,8559,12,0.977054794520548
06260,1962,8760,8527,12,0.9734018264840183
06260,1963,8760,8684,12,0.991324200913242
06260,1964,8784,8735,12,0.9944216757741348
06260,1965,8760,8674,12,0.9901826484018265
06260,1966,8760,8750,12,0.9988584474885844
06260,1967,8760,8731,12,0.996689497716895
06260,1968,8784,8706,12,0.9911202185792349
06260,1969,8760,8686,12,0.9915525114155251
06260,1970,8760,8711,12,0.994406392694064
06260,1971,8760,8755,12,0.9994292237442922
06260,1972,8784,8772,12,0.9986338797814208
06260,1973,8760,8749,12,0.9987442922374429
06260,1974,8760,8757,12,0.9996575342465753
06260,1975,8760,8758,12,0.9997716894977169
06260,1976,8784,8777,12,0.9992030965391621
06260,1977,8760,8760,12,1.0
06260,1978,8760,8759,12,0.9998858447488584
06260,1979,8760,8728,12,0.9963470319634703
06260,1980,8784,8776,12,0.9990892531876139
06260,1981,8760,8745,12,0.9982876712328768
06260,1982,8760,8730,12,0.9965753424657534
06260,1983,8760,8741,12,0.9978310502283105
06260,1984,8784,8761,12,0.9973816029143898
06260,1985,8760,8715,12,0.9948630136986302
06260,1986,8760,8686,12,0.9915525114155251
06260,1987,8760,8755,12,0.9994292237442922
06260,1988,8784,8782,12,0.9997723132969034
06260,1989,8760,8756,12,0.9995433789954338
06260,1990,8760,8743,12,0.9980593607305936
06260,1991,8760,8735,12,0.9971461187214612
06260,1992,8784,8772,12,0.9986338797814208
06260,1993,8760,8725,12,0.9960045662100456
06260,1994,8760,8755,12,0.9994292237442922
06260,1995,8760,8759,12,0.9998858447488584
06260,1996,8784,8784,12,1.0
06260,1997,8760,8760,12,1.0
06260,1998,8760,8760,12,1.0
06260,1999,8760,8760,12,1.0
06260,2000,8784,8784,12,1.0
06260,2001,8760,8760,12,1.0
06260,2002,8760,8760,12,1.0
06260,2003,8040,8040,11,1.0
06260,2004,8784,8784,12,1.0
06260,2005,8760,8760,12,1.0
06260,2006,8760,8760,12,1.0
06260,2007,8760,8760,12,1.0
06260,2008,8784,8784,12,1.0
06260,2009,8760,8760,12,1.0
06260,2010,8760,8760,12,1.0
06260,2011,8760,8760,12,1.0
06260,2012,8784,8784,12,1.0
06260,2013,8760,8760,12,1.0
06260,2014,8760,8760,12,1.0
06260,2015,8760,8760,12,1.0
06260,2016,8784,8784,12,1.0
06260,2017,8760,8760,12,1.0
06260,2018,8760,8760,12,1.0
06260,2019,8760,8760,12,1.0
06260,2020,8784,8784,12,1.0
06260,2021,8760,8760,12,1.0
06260,2022,8760,8760,12,1.0
06260,2023,8760,8760,12,1.0
06260,2024,8784,8784,12,1.0
06260,2025,8760,8760,12,1.0
06260,2026,3024,3024,5,1.0
06265,1951,2928,0,4,0.0
06265,1952,8784,0,12,0.0
06265,1953,8760,0,12,0.0
06265,1954,8760,0,12,0.0
06265,1955,8760,0,12,0.0
06265,1956,8760,0,12,0.0
06265,1957,8760,0,12,0.0
06265,1958,8760,0,12,0.0
06265,1959,8760,0,12,0.0
06265,1960,8784,0,12,0.0
06265,1961,8736,0,12,0.0
06265,1962,8760,0,12,0.0
06265,1963,8760,0,12,0.0
06265,1964,8784,0,12,0.0
06265,1965,8760,0,12,0.0
06265,1966,8760,0,12,0.0
06265,1967,8760,0,12,0.0
06265,1968,8784,0,12,0.0
06265,1969,8760,0,12,0.0
06265,1970,8760,1,12,0.00011415525114155251
06265,1971,8760,8759,12,0.9998858447488584
06265,1972,8784,8677,12,0.9878187613843351
06265,1973,8760,8723,12,0.9957762557077625
06265,1974,8760,8744,12,0.9981735159817352
06265,1975,8760,8752,12,0.9990867579908675
06265,1976,8784,8784,12,1.0
06265,1977,8760,8757,12,0.9996575342465753
06265,1978,8760,8713,12,0.9946347031963471
06265,1979,8760,8627,12,0.9848173515981735
06265,1980,8784,8783,12,0.9998861566484517
06265,1981,8760,8567,12,0.9779680365296803
06265,1982,8760,8499,12,0.9702054794520548
06265,1983,8760,8730,12,0.9965753424657534
06265,1984,8784,8754,12,0.9965846994535519
06265,1985,8760,8760,12,1.0
06265,1986,8760,8669,12,0.9896118721461187
06265,1987,8760,8756,12,0.9995433789954338
06265,1988,8784,8758,12,0.9970400728597449
06265,1989,8760,8667,12,0.9893835616438356
06265,1990,8760,8736,12,0.9972602739726028
06265,1991,8760,8747,12,0.9985159817351598
06265,1992,8784,8602,12,0.9792805100182149
06265,1993,8760,8751,12,0.998972602739726
06265,1994,8760,8749,12,0.9987442922374429
06265,1995,8760,8738,12,0.9974885844748859
06265,1996,8784,8784,12,1.0
06265,1997,8760,8760,12,1.0
06265,1998,8760,8760,12,1.0
06265,1999,8760,8760,12,1.0
06265,2000,8784,8784,12,1.0
06265,2001,8760,8760,12,1.0
06265,2002,8760,8760,12,1.0
06265,2003,8040,8040,11,1.0
06265,2004,8784,8784,12,1.0
06265,2005,8736,8736,12,1.0
06265,2006,8760,8760,12,1.0
06265,2007,3528,3528,6,1.0
06265,2008,5352,5340,8,0.9977578475336323
06267,1990,4409,4310,7,0.9775459287820367
06267,1991,8760,8421,12,0.9613013698630137
06267,1992,8784,8396,12,0.9558287795992714
06267,1993,8760,8599,12,0.98162100456621
06267,1994,8760,8687,12,0.9916666666666667
06267,1995,8760,8759,12,0.9998858447488584
06267,1996,8784,8784,12,1.0
06267,1997,8760,8760,12,1.0
06267,1998,8760,8760,12,1.0
06267,1999,8760,6051,12,0.6907534246575342
06267,2000,8784,8784,12,1.0
06267,2001,8760,8760,12,1.0
06267,2002,8760,8760,12,1.0
06267,2003,8040,8040,11,1.0
06267,2004,8784,8784,12,1.0
06267,2005,8760,8760,12,1.0
06267,2006,8760,8760,12,1.0
06267,2007,8760,8760,12,1.0
06267,2008,8784,8784,12,1.0
06267,2009,8760,8760,12,1.0
06267,2010,8760,8760,12,1.0
06267,2011,8760,8760,12,1.0
06267,2012,8784,8784,12,1.0
06267,2013,8760,8760,12,1.0
06267,2014,8760,8760,12,1.0
06267,2015,8760,8760,12,1.0
06267,2016,8784,8784,12,1.0
06267,2017,8760,8760,12,1.0
06267,2018,8760,8760,12,1.0
06267,2019,8760,8760,12,1.0
06267,2020,8784,8784,12,1.0
06267,2021,8760,8760,12,1.0
06267,2022,8760,8760,12,1.0
06267,2023,8760,8760,12,1.0
06267,2024,8784,8784,12,1.0
06267,2025,8760,8760,12,1.0
06267,2026,3024,3024,5,1.0
06269,1990,7955,7799,12,0.980389692017599
06269,1991,8760,8532,12,0.9739726027397261
06269,1992,8784,8756,12,0.9968123861566485
06269,1993,8760,8691,12,0.9921232876712329
06269,1994,8760,8757,12,0.9996575342465753
06269,1995,8760,8745,12,0.9982876712328768
06269,1996,8784,8784,12,1.0
06269,1997,8760,8760,12,1.0
06269,1998,8760,8760,12,1.0
06269,1999,8760,8760,12,1.0
06269,2000,8784,8784,12,1.0
06269,2001,8760,8760,12,1.0
06269,2002,8760,8760,12,1.0
06269,2003,8040,8040,11,1.0
06269,2004,8784,8784,12,1.0
06269,2005,8760,8760,12,1.0
06269,2006,8760,8760,12,1.0
06269,2007,8760,8760,12,1.0
06269,2008,8784,8784,12,1.0
06269,2009,8760,8760,12,1.0
06269,2010,8760,8760,12,1.0
06269,2011,8760,8760,12,1.0
06269,2012,8784,8784,12,1.0
06269,2013,8760,8760,12,1.0
06269,2014,8760,8760,12,1.0
06269,2015,8760,8760,12,1.0
06269,2016,8784,8784,12,1.0
06269,2017,8760,8760,12,1.0
06269,2018,8760,8760,12,1.0
06269,2019,8760,8760,12,1.0
06269,2020,8784,8784,12,1.0
06269,2021,8760,8760,12,1.0
06269,2022,8760,8760,12,1.0
06269,2023,8760,8760,12,1.0
06269,2024,8784,8784,12,1.0
06269,2025,8760,8760,12,1.0
06269,2026,3024,3024,5,1.0
06270,1951,8760,0,12,0.0
06270,1952,8784,0,12,0.0
06270,1953,8760,0,12,0.0
06270,1954,8760,0,12,0.0
06270,1955,8760,0,12,0.0
06270,1956,8760,0,12,0.0
06270,1957,8760,0,12,0.0
06270,1958,8760,0,12,0.0
06270,1959,8760,0,12,0.0
06270,1960,8784,0,12,0.0
06270,1961,8760,0,12,0.0
06270,1962,8760,0,12,0.0
06270,1963,8760,0,12,0.0
06270,1964,8784,0,12,0.0
06270,1965,8760,0,12,0.0
06270,1966,8760,0,12,0.0
06270,1967,8760,0,12,0.0
06270,1968,8784,0,12,0.0
06270,1969,8760,0,12,0.0
06270,1970,8760,1,12,0.00011415525114155251
06270,1971,8760,8748,12,0.9986301369863013
06270,1972,8784,8773,12,0.998747723132969
06270,1973,8760,8717,12,0.9950913242009133
06270,1974,8760,8758,12,0.9997716894977169
06270,1975,8760,8757,12,0.9996575342465753
06270,1976,8784,8784,12,1.0
06270,1977,8760,8718,12,0.9952054794520548
06270,1978,8760,8754,12,0.9993150684931507
06270,1979,8760,8673,12,0.9900684931506849
06270,1980,8784,8701,12,0.9905510018214936
06270,1981,8760,8760,12,1.0
06270,1982,8760,8755,12,0.9994292237442922
06270,1983,8760,8719,12,0.9953196347031964
06270,1984,8784,8753,12,0.9964708561020036
06270,1985,8760,8726,12,0.9961187214611872
06270,1986,8760,8745,12,0.9982876712328768
06270,1987,8760,8724,12,0.9958904109589041
06270,1988,8784,8780,12,0.9995446265938069
06270,1989,8760,8753,12,0.9992009132420091
06270,1990,8760,8714,12,0.9947488584474886
06270,1991,8760,8575,12,0.9788812785388128
06270,1992,8784,8641,12,0.9837204007285975
06270,1993,8760,8523,12,0.9729452054794521
06270,1994,8760,8759,12,0.9998858447488584
06270,1995,8760,8701,12,0.9932648401826484
06270,1996,8784,8784,12,1.0
06270,1997,8760,8760,12,1.0
06270,1998,8760,8760,12,1.0
06270,1999,8760,8760,12,1.0
06270,2000,8784,8784,12,1.0
06270,2001,8760,8760,12,1.0
06270,2002,8760,8760,12,1.0
06270,2003,8040,8040,11,1.0
06270,2004,8784,8784,12,1.0
06270,2005,8760,8760,12,1.0
06270,2006,8760,8760,12,1.0
06270,2007,8760,8760,12,1.0
06270,2008,8784,8784,12,1.0
06270,2009,8760,8760,12,1.0
06270,2010,8760,8760,12,1.0
06270,2011,8760,8760,12,1.0
06270,2012,8784,8784,12,1.0
06270,2013,8760,8760,12,1.0
06270,2014,8760,8760,12,1.0
06270,2015,8760,8760,12,1.0
06270,2016,8784,8784,12,1.0
06270,2017,8760,8760,12,1.0
06270,2018,8760,8760,12,1.0
06270,2019,8760,8760,12,1.0
06270,2020,8784,8784,12,1.0
06270,2021,8760,8760,12,1.0
06270,2022,8760,8760,12,1.0
06270,2023,8760,8760,12,1.0
06270,2024,8784,8784,12,1.0
06270,2025,8760,8760,12,1.0
06270,2026,3024,3024,5,1.0
06273,1989,8760,8420,12,0.9611872146118722
06273,1990,8760,8626,12,0.984703196347032
06273,1991,8760,8592,12,0.9808219178082191
06273,1992,8784,8775,12,0.9989754098360656
06273,1993,8760,8695,12,0.992579908675799
06273,1994,8760,8737,12,0.9973744292237443
06273,1995,8760,8716,12,0.9949771689497717
06273,1996,8784,8784,12,1.0
06273,1997,8760,8760,12,1.0
06273,1998,8760,8760,12,1.0
06273,1999,8760,8760,12,1.0
06273,2000,8784,8784,12,1.0
06273,2001,8760,8760,12,1.0
06273,2002,8760,8760,12,1.0
06273,2003,8040,8040,11,1.0
06273,2004,8784,8784,12,1.0
06273,2005,8760,8760,12,1.0
06273,2006,8760,8760,12,1.0
06273,2007,8760,8638,12,0.9860730593607306
06273,2008,8784,8784,12,1.0
06273,2009,8760,8760,12,1.0
06273,2010,8760,8760,12,1.0
06273,2011,8760,8760,12,1.0
06273,2012,8784,8784,12,1.0
06273,2013,8760,8760,12,1.0
06273,2014,8760,8760,12,1.0
06273,2015,8760,8760,12,1.0
06273,2016,8784,8784,12,1.0
06273,2017,8760,8760,12,1.0
06273,2018,8760,8760,12,1.0
06273,2019,8760,8760,12,1.0
06273,2020,8784,8784,12,1.0
06273,2021,8760,8760,12,1.0
06273,2022,8760,8760,12,1.0
06273,2023,8760,8760,12,1.0
06273,2024,8784,8784,12,1.0
06273,2025,8760,8760,12,1.0
06273,2026,3024,3024,5,1.0
06275,1951,8760,0,12,0.0
06275,1952,8784,0,12,0.0
06275,1953,8760,0,12,0.0
06275,1954,8760,0,12,0.0
06275,1955,8760,0,12,0.0
06275,1956,8760,0,12,0.0
06275,1957,8760,0,12,0.0
06275,1958,8760,0,12,0.0
06275,1959,8760,0,12,0.0
06275,1960,8784,0,12,0.0
06275,1961,8760,0,12,0.0
06275,1962,8760,0,12,0.0
06275,1963,8760,0,12,0.0
06275,1964,8784,0,12,0.0
06275,1965,8760,0,12,0.0
06275,1966,8760,0,12,0.0
06275,1967,8760,0,12,0.0
06275,1968,8784,0,12,0.0
06275,1969,8760,0,12,0.0
06275,1970,8760,1,12,0.00011415525114155251
06275,1971,8760,8436,12,0.963013698630137
06275,1972,8784,8671,12,0.9871357012750456
06275,1973,8760,8599,12,0.98162100456621
06275,1974,8760,8484,12,0.9684931506849315
06275,1975,8760,8504,12,0.9707762557077626
06275,1976,8784,8726,12,0.9933970856102003
06275,1977,8760,8760,12,1.0
06275,1978,8760,8657,12,0.9882420091324201
06275,1979,8760,8733,12,0.9969178082191781
06275,1980,8784,8666,12,0.9865664845173042
06275,1981,8760,8501,12,0.9704337899543379
06275,1982,8760,8643,12,0.9866438356164383
06275,1983,8760,8562,12,0.9773972602739726
06275,1984,8784,8705,12,0.9910063752276868
06275,1985,8760,8645,12,0.9868721461187214
06275,1986,8760,8666,12,0.9892694063926941
06275,1987,8760,8602,12,0.9819634703196347
06275,1988,8784,8692,12,0.9895264116575592
06275,1989,8760,8718,12,0.9952054794520548
06275,1990,8760,8674,12,0.9901826484018265
06275,1991,8760,8726,12,0.9961187214611872
06275,1992,8784,8774,12,0.9988615664845173
06275,1993,8760,8659,12,0.9884703196347032
06275,1994,8760,8736,12,0.9972602739726028
06275,1995,8760,8747,12,0.9985159817351598
06275,1996,8784,8784,12,1.0
06275,1997,8760,8760,12,1.0
06275,1998,8760,8760,12,1.0
06275,1999,8760,8760,12,1.0
06275,2000,8784,8784,12,1.0
06275,2001,8760,8760,12,1.0
06275,2002,8760,8760,12,1.0
06275,2003,8040,8040,11,1.0
06275,2004,8784,8784,12,1.0
06275,2005,8760,8760,12,1.0
06275,2006,8760,8760,12,1.0
06275,2007,8760,8760,12,1.0
06275,2008,8784,8784,12,1.0
06275,2009,8760,8760,12,1.0
06275,2010,8760,8760,12,1.0
06275,2011,8760,8760,12,1.0
06275,2012,8784,8784,12,1.0
06275,2013,8760,8760,12,1.0
06275,2014,8760,8760,12,1.0
06275,2015,8760,8760,12,1.0
06275,2016,8784,8784,12,1.0
06275,2017,8760,8760,12,1.0
06275,2018,8760,8760,12,1.0
06275,2019,8760,8760,12,1.0
06275,2020,8784,8784,12,1.0
06275,2021,8760,8760,12,1.0
06275,2022,8760,8760,12,1.0
06275,2023,8760,8760,12,1.0
06275,2024,8784,8784,12,1.0
06275,2025,8760,8760,12,1.0
06275,2026,3024,3024,5,1.0
06277,1991,6936,6929,10,0.9989907727797002
06277,1992,8784,8774,12,0.9988615664845173
06277,1993,8760,8516,12,0.9721461187214612
06277,1994,8760,8673,12,0.9900684931506849
06277,1995,8760,8706,12,0.9938356164383562
06277,1996,8784,8784,12,1.0
06277,1997,8760,8760,12,1.0
06277,1998,8760,8760,12,1.0
06277,1999,8760,8760,12,1.0
06277,2000,8784,8784,12,1.0
06277,2001,8760,8760,12,1.0
06277,2002,8760,8724,12,0.9958904109589041
06277,2003,8040,8040,11,1.0
06277,2004,8784,8784,12,1.0
06277,2005,8760,8760,12,1.0
06277,2006,8760,8760,12,1.0
06277,2007,8760,8760,12,1.0
06277,2008,8784,8784,12,1.0
06277,2009,8760,8760,12,1.0
06277,2010,8760,8760,12,1.0
06277,2011,8760,8760,12,1.0
06277,2012,8784,8784,12,1.0
06277,2013,8760,8760,12,1.0
06277,2014,8760,8760,12,1.0
06277,2015,8760,8760,12,1.0
06277,2016,8784,8784,12,1.0
06277,2017,8760,8760,12,1.0
06277,2018,8760,8760,12,1.0
06277,2019,8760,8760,12,1.0
06277,2020,8784,8784,12,1.0
06277,2021,8760,8760,12,1.0
06277,2022,8760,8760,12,1.0
06277,2023,8760,8760,12,1.0
06277,2024,8784,8784,12,1.0
06277,2025,8760,8760,12,1.0
06277,2026,3024,3024,5,1.0
06278,1991,8760,8678,12,0.9906392694063927
06278,1992,8784,8369,12,0.9527550091074681
06278,1993,8760,8717,12,0.9950913242009133
06278,1994,8760,8683,12,0.9912100456621005
06278,1995,8760,8732,12,0.9968036529680365
06278,1996,8784,8784,12,1.0
06278,1997,8760,8760,12,1.0
06278,1998,8760,6886,12,0.7860730593607306
06278,1999,8760,8760,12,1.0
06278,2000,8784,8784,12,1.0
06278,2001,8760,8760,12,1.0
06278,2002,8760,8760,12,1.0
06278,2003,8040,8040,11,1.0
06278,2004,8784,8784,12,1.0
06278,2005,8760,8760,12,1.0
06278,2006,8760,8760,12,1.0
06278,2007,8760,8760,12,1.0
06278,2008,8784,8784,12,1.0
06278,2009,8760,8760,12,1.0
06278,2010,8760,8760,12,1.0
06278,2011,8760,8760,12,1.0
06278,2012,8784,8784,12,1.0
06278,2013,8760,8760,12,1.0
06278,2014,8760,8760,12,1.0
06278,2015,8760,8760,12,1.0
06278,2016,8784,8784,12,1.0
06278,2017,8760,8760,12,1.0
06278,2018,8760,8760,12,1.0
06278,2019,8760,8760,12,1.0
06278,2020,8784,8784,12,1.0
06278,2021,8760,8760,12,1.0
06278,2022,8760,8760,12,1.0
06278,2023,8760,8760,12,1.0
06278,2024,8784,8784,12,1.0
06278,2025,8760,8760,12,1.0
06278,2026,3024,2999,5,0.9917328042328042
06279,1989,1174,1138,3,0.969335604770017
06279,1990,8122,7858,12,0.9674956907165723
06279,1991,8760,8610,12,0.9828767123287672
06279,1992,8784,8656,12,0.9854280510018215
06279,1993,8760,8662,12,0.9888127853881279
06279,1994,8760,8618,12,0.9837899543378995
06279,1995,8760,8710,12,0.9942922374429224
06279,1996,8784,8784,12,1.0
06279,1997,8760,6552,12,0.7479452054794521
06279,1998,8760,6039,12,0.6893835616438356
06279,1999,8760,8760,12,1.0
06279,2000,8784,8784,12,1.0
06279,2001,8760,8760,12,1.0
06279,2002,8760,8760,12,1.0
06279,2003,8040,8040,11,1.0
06279,2004,8784,8784,12,1.0
06279,2005,8760,8760,12,1.0
06279,2006,8760,8760,12,1.0
06279,2007,8760,8760,12,1.0
06279,2008,8784,8784,12,1.0
06279,2009,8760,8760,12,1.0
06279,2010,8760,8760,12,1.0
06279,2011,8760,8760,12,1.0
06279,2012,8784,8784,12,1.0
06279,2013,8760,8760,12,1.0
06279,2014,8760,8760,12,1.0
06279,2015,8760,8760,12,1.0
06279,2016,8784,8784,12,1.0
06279,2017,8760,8760,12,1.0
06279,2018,8760,8760,12,1.0
06279,2019,8760,8760,12,1.0
06279,2020,8784,8784,12,1.0
06279,2021,8760,8760,12,1.0
06279,2022,8760,8760,12,1.0
06279,2023,8760,8760,12,1.0
06279,2024,8784,8784,12,1.0
06279,2025,8760,8760,12,1.0
06279,2026,3024,3024,5,1.0
06280,1951,8760,0,12,0.0
06280,1952,8784,0,12,0.0
06280,1953,8760,0,12,0.0
06280,1954,8760,0,12,0.0
06280,1955,8760,0,12,0.0
06280,1956,8760,0,12,0.0
06280,1957,8760,0,12,0.0
06280,1958,8760,0,12,0.0
06280,1959,8760,0,12,0.0
06280,1960,8784,0,12,0.0
06280,1961,8760,0,12,0.0
06280,1962,8760,0,12,0.0
06280,1963,8760,0,12,0.0
06280,1964,8784,0,12,0.0
06280,1965,8760,0,12,0.0
06280,1966,8760,0,12,0.0
06280,1967,8760,0,12,0.0
06280,1968,8784,0,12,0.0
06280,1969,8760,0,12,0.0
06280,1970,8760,0,12,0.0
06280,1971,8760,8740,12,0.997716894977169
06280,1972,8784,8784,12,1.0
06280,1973,8760,8760,12,1.0
06280,1974,8760,8758,12,0.9997716894977169
06280,1975,8760,8752,12,0.9990867579908675
06280,1976,8784,8782,12,0.9997723132969034
06280,1977,8760,8751,12,0.998972602739726
06280,1978,8760,8741,12,0.9978310502283105
06280,1979,8760,8707,12,0.9939497716894977
06280,1980,8784,8740,12,0.9949908925318761
06280,1981,8760,8750,12,0.9988584474885844
06280,1982,8760,8723,12,0.9957762557077625
06280,1983,8760,8714,12,0.9947488584474886
06280,1984,8784,8779,12,0.9994307832422586
06280,1985,8760,8722,12,0.995662100456621
06280,1986,8760,8749,12,0.9987442922374429
06280,1987,8760,8692,12,0.9922374429223745
06280,1988,8784,8747,12,0.995787795992714
06280,1989,8760,8758,12,0.9997716894977169
06280,1990,8760,8759,12,0.9998858447488584
06280,1991,8760,8724,12,0.9958904109589041
06280,1992,8784,8780,12,0.9995446265938069
06280,1993,8760,8752,12,0.9990867579908675
06280,1994,8760,8732,12,0.9968036529680365
06280,1995,8760,8746,12,0.9984018264840183
06280,1996,8784,8784,12,1.0
06280,1997,8760,8760,12,1.0
06280,1998,8760,8760,12,1.0
06280,1999,8760,8760,12,1.0
06280,2000,8784,8784,12,1.0
06280,2001,8760,8760,12,1.0
06280,2002,8760,8760,12,1.0
06280,2003,8040,8040,11,1.0
06280,2004,8784,8784,12,1.0
06280,2005,8760,8760,12,1.0
06280,2006,8760,8760,12,1.0
06280,2007,8760,8760,12,1.0
06280,2008,8784,8784,12,1.0
06280,2009,8760,8760,12,1.0
06280,2010,8760,8760,12,1.0
06280,2011,8760,8760,12,1.0
06280,2012,8784,8784,12,1.0
06280,2013,8760,8760,12,1.0
06280,2014,8760,8760,12,1.0
06280,2015,8760,8760,12,1.0
06280,2016,8784,8784,12,1.0
06280,2017,8760,8760,12,1.0
06280,2018,8760,8760,12,1.0
06280,2019,8760,8760,12,1.0
06280,2020,8784,8784,12,1.0
06280,2021,8760,8760,12,1.0
06280,2022,8760,8760,12,1.0
06280,2023,8760,8760,12,1.0
06280,2024,8784,8784,12,1.0
06280,2025,8760,8760,12,1.0
06280,2026,3024,3024,5,1.0
06283,1989,1385,1268,3,0.9155234657039711
06283,1990,8438,8289,12,0.9823417871533539
06283,1991,8760,8614,12,0.9833333333333333
06283,1992,8784,8605,12,0.9796220400728597
06283,1993,8760,8655,12,0.988013698630137
06283,1994,8760,8752,12,0.9990867579908675
06283,1995,8760,8756,12,0.9995433789954338
06283,1996,8784,8784,12,1.0
06283,1997,8760,8760,12,1.0
06283,1998,8760,8760,12,1.0
06283,1999,8760,8760,12,1.0
06283,2000,8784,8784,12,1.0
06283,2001,8760,8760,12,1.0
06283,2002,8760,8760,12,1.0
06283,2003,8040,8040,11,1.0
06283,2004,8784,8784,12,1.0
06283,2005,8760,8760,12,1.0
06283,2006,8760,8760,12,1.0
06283,2007,8760,8760,12,1.0
06283,2008,8784,8784,12,1.0
06283,2009,8760,8760,12,1.0
06283,2010,8760,8760,12,1.0
06283,2011,8760,8760,12,1.0
06283,2012,8784,8784,12,1.0
06283,2013,8760,8760,12,1.0
06283,2014,8760,8760,12,1.0
06283,2015,8760,8760,12,1.0
06283,2016,8784,8784,12,1.0
06283,2017,8760,8760,12,1.0
06283,2018,8760,8760,12,1.0
06283,2019,8760,8760,12,1.0
06283,2020,8784,8784,12,1.0
06283,2021,8760,8760,12,1.0
06283,2022,8760,8760,12,1.0
06283,2023,8760,8760,12,1.0
06283,2024,8784,8784,12,1.0
06283,2025,8760,8760,12,1.0
06283,2026,3024,3024,5,1.0
06285,1981,8760,8371,12,0.9555936073059361
06285,1982,8760,7743,12,0.8839041095890411
06285,1983,8760,8349,12,0.9530821917808219
06285,1984,8784,7938,12,0.9036885245901639
06285,1985,8760,6788,12,0.7748858447488585
06285,1986,8760,8073,12,0.9215753424657535
06285,1987,8760,7762,12,0.8860730593607306
06285,1988,8784,8065,12,0.9181466302367942
06285,1989,8760,8198,12,0.9358447488584475
06285,1990,8760,7676,12,0.8762557077625571
06285,1991,8760,8268,12,0.9438356164383561
06285,1992,8784,8173,12,0.9304417122040073
06285,1993,8760,8345,12,0.9526255707762558
06285,1994,8760,8467,12,0.9665525114155251
06285,1995,8760,4755,12,0.5428082191780822
06285,1996,8784,8784,12,1.0
06285,1997,8760,8760,12,1.0
06285,1998,8760,8760,12,1.0
06285,1999,8760,8760,12,1.0
06285,2000,8784,7482,12,0.851775956284153
06285,2001,8760,8760,12,1.0
06285,2002,8760,8504,12,0.9707762557077626
06285,2003,8040,8040,11,1.0
06285,2004,8784,8326,12,0.9478597449908925
06285,2005,8760,8760,12,1.0
06285,2006,8760,8760,12,1.0
06285,2007,8760,8760,12,1.0
06285,2008,8784,8784,12,1.0
06285,2009,8760,8760,12,1.0
06285,2010,8760,8225,12,0.9389269406392694
06285,2011,8760,8760,12,1.0
06285,2012,8784,8784,12,1.0
06285,2013,8760,8760,12,1.0
06285,2014,8760,8078,12,0.9221461187214612
06285,2015,8760,6936,12,0.7917808219178082
06285,2016,8784,7593,12,0.8644125683060109
06285,2017,8760,4480,12,0.5114155251141552
06285,2018,8760,6805,12,0.7768264840182648
06285,2019,8760,8760,12,1.0
06285,2020,8784,8784,12,1.0
06285,2021,8760,8760,12,1.0
06285,2022,8760,8715,12,0.9948630136986302
06285,2023,8760,8760,12,1.0
06285,2024,8784,8560,12,0.9744990892531876
06285,2025,8760,8752,12,0.9990867579908675
06285,2026,3024,3024,5,1.0
06286,1990,8193,8049,12,0.9824240205053094
06286,1991,8760,8657,12,0.9882420091324201
06286,1992,8784,8729,12,0.9937386156648452
06286,1993,8760,8582,12,0.9796803652968037
06286,1994,8760,8711,12,0.994406392694064
06286,1995,8760,8752,12,0.9990867579908675
06286,1996,8784,8784,12,1.0
06286,1997,8760,8760,12,1.0
06286,1998,8760,8760,12,1.0
06286,1999,8760,8760,12,1.0
06286,2000,8784,8784,12,1.0
06286,2001,8760,8760,12,1.0
06286,2002,8760,8760,12,1.0
06286,2003,8040,8040,11,1.0
06286,2004,8784,8784,12,1.0
06286,2005,8760,8760,12,1.0
06286,2006,8760,8760,12,1.0
06286,2007,8760,8760,12,1.0
06286,2008,8784,8784,12,1.0
06286,2009,8760,8760,12,1.0
06286,2010,8760,8760,12,1.0
06286,2011,8760,8760,12,1.0
06286,2012,8784,8784,12,1.0
06286,2013,8760,8760,12,1.0
06286,2014,8760,8760,12,1.0
06286,2015,8760,8760,12,1.0
06286,2016,8784,8784,12,1.0
06286,2017,8760,8760,12,1.0
06286,2018,8760,8760,12,1.0
06286,2019,8760,8760,12,1.0
06286,2020,8784,8784,12,1.0
06286,2021,8760,8760,12,1.0
06286,2022,8760,8760,12,1.0
06286,2023,8760,8760,12,1.0
06286,2024,8784,8784,12,1.0
06286,2025,8760,8760,12,1.0
06286,2026,3024,3024,5,1.0
06290,1951,8760,0,12,0.0
06290,1952,8784,0,12,0.0
06290,1953,8760,0,12,0.0
06290,1954,8760,0,12,0.0
06290,1955,8760,0,12,0.0
06290,1956,8760,0,12,0.0
06290,1957,8760,0,12,0.0
06290,1958,8760,0,12,0.0
06290,1959,8760,0,12,0.0
06290,1960,8784,0,12,0.0
06290,1961,8760,0,12,0.0
06290,1962,8760,0,12,0.0
06290,1963,8760,0,12,0.0
06290,1964,8784,0,12,0.0
06290,1965,8760,0,12,0.0
06290,1966,8760,0,12,0.0
06290,1967,8760,0,12,0.0
06290,1968,8784,0,12,0.0
06290,1969,8760,0,12,0.0
06290,1970,8760,1,12,0.00011415525114155251
06290,1971,8760,8723,12,0.9957762557077625
06290,1972,8784,8738,12,0.9947632058287796
06290,1973,8760,8677,12,0.9905251141552511
06290,1974,8760,8746,12,0.9984018264840183
06290,1975,8760,8752,12,0.9990867579908675
06290,1976,8784,8760,12,0.9972677595628415
06290,1977,8760,8757,12,0.9996575342465753
06290,1978,8760,8741,12,0.9978310502283105
06290,1979,8760,8722,12,0.995662100456621
06290,1980,8784,8759,12,0.9971539162112932
06290,1981,8760,8751,12,0.998972602739726
06290,1982,8760,8758,12,0.9997716894977169
06290,1983,8760,8746,12,0.9984018264840183
06290,1984,8784,8773,12,0.998747723132969
06290,1985,8760,8757,12,0.9996575342465753
06290,1986,8760,8746,12,0.9984018264840183
06290,1987,8760,8755,12,0.9994292237442922
06290,1988,8784,8736,12,0.994535519125683
06290,1989,8760,8746,12,0.9984018264840183
06290,1990,8760,8755,12,0.9994292237442922
06290,1991,8760,8688,12,0.9917808219178083
06290,1992,8784,8777,12,0.9992030965391621
06290,1993,8760,8491,12,0.9692922374429224
06290,1994,8760,8750,12,0.9988584474885844
06290,1995,8760,8758,12,0.9997716894977169
06290,1996,8784,8784,12,1.0
06290,1997,8760,8760,12,1.0
06290,1998,8760,8760,12,1.0
06290,1999,8760,8760,12,1.0
06290,2000,8784,8784,12,1.0
06290,2001,8760,8760,12,1.0
06290,2002,8760,8760,12,1.0
06290,2003,8040,8040,11,1.0
06290,2004,8784,8784,12,1.0
06290,2005,8760,8760,12,1.0
06290,2006,8760,8760,12,1.0
06290,2007,8760,8760,12,1.0
06290,2008,8784,8784,12,1.0
06290,2009,8760,8760,12,1.0
06290,2010,8760,8760,12,1.0
06290,2011,8760,8760,12,1.0
06290,2012,8784,8784,12,1.0
06290,2013,8760,8760,12,1.0
06290,2014,8760,8760,12,1.0
06290,2015,8760,8760,12,1.0
06290,2016,8784,8784,12,1.0
06290,2017,8760,8760,12,1.0
06290,2018,8760,8760,12,1.0
06290,2019,8760,8760,12,1.0
06290,2020,8784,8784,12,1.0
06290,2021,8760,8699,12,0.9930365296803653
06290,2022,8760,8700,12,0.9931506849315068
06290,2023,8760,8760,12,1.0
06290,2024,8784,8784,12,1.0
06290,2025,8760,8760,12,1.0
06290,2026,3024,3024,5,1.0
06308,1972,8784,8498,12,0.9674408014571949
06308,1973,8760,7937,12,0.9060502283105023
06308,1974,8760,8747,12,0.9985159817351598
06308,1975,8760,8649,12,0.9873287671232877
06308,1976,8784,7790,12,0.88683970856102
06308,1977,8760,8659,12,0.9884703196347032
06308,1978,8760,8723,12,0.9957762557077625
06308,1979,8760,8581,12,0.9795662100456621
06308,1980,8784,8770,12,0.9984061930783242
06308,1981,8760,8671,12,0.9898401826484018
06308,1982,8760,8626,12,0.984703196347032
06308,1983,8760,8496,12,0.9698630136986301
06308,1984,8784,7759,12,0.8833105646630237
06308,1985,8760,8715,12,0.9948630136986302
06308,1986,8760,8141,12,0.929337899543379
06308,1987,8760,8750,12,0.9988584474885844
06308,1988,8784,8782,12,0.9997723132969034
06308,1989,8760,8759,12,0.9998858447488584
06308,1990,8760,8270,12,0.9440639269406392
06308,1991,8760,6097,12,0.6960045662100457
06308,1992,8784,8707,12,0.9912340619307832
06308,1993,8760,8464,12,0.9662100456621004
06308,1994,8760,8491,12,0.9692922374429224
06308,1995,8760,8691,12,0.9921232876712329
06308,1996,8784,8784,12,1.0
06308,1997,8760,8760,12,1.0
06308,1998,8760,8760,12,1.0
06308,1999,8760,8760,12,1.0
06308,2000,8784,8784,12,1.0
06308,2001,8760,8760,12,1.0
06308,2002,8760,8760,12,1.0
06308,2003,8040,8040,11,1.0
06308,2004,8784,8784,12,1.0
06308,2005,8760,8760,12,1.0
06308,2006,8760,8760,12,1.0
06308,2007,8760,8422,12,0.9614155251141553
06308,2008,8784,8464,12,0.9635701275045537
06308,2009,8760,8760,12,1.0
06308,2010,8760,8760,12,1.0
06308,2011,8760,7001,12,0.7992009132420091
06308,2012,8784,8104,12,0.9225865209471766
06308,2013,8760,8760,12,1.0
06308,2014,8760,8760,12,1.0
06308,2015,8760,8760,12,1.0
06308,2016,8784,8784,12,1.0
06308,2017,8760,8760,12,1.0
06308,2018,8760,8760,12,1.0
06308,2019,8760,8760,12,1.0
06308,2020,8784,8205,12,0.9340846994535519
06308,2021,8760,8576,12,0.9789954337899544
06308,2022,8760,8195,12,0.9355022831050228
06308,2023,8760,8420,12,0.9611872146118722
06308,2024,8784,8761,12,0.9973816029143898
06308,2025,8760,8752,12,0.9990867579908675
06308,2026,3024,3024,5,1.0
06310,1951,8760,0,12,0.0
06310,1952,8784,0,12,0.0
06310,1953,8760,0,12,0.0
06310,1954,8760,0,12,0.0
06310,1955,8760,0,12,0.0
06310,1956,8760,0,12,0.0
06310,1957,8760,0,12,0.0
06310,1958,8760,0,12,0.0
06310,1959,8760,0,12,0.0
06310,1960,8784,0,12,0.0
06310,1961,8760,0,12,0.0
06310,1962,8760,0,12,0.0
06310,1963,8760,0,12,0.0
06310,1964,8784,0,12,0.0
06310,1965,8760,0,12,0.0
06310,1966,8760,0,12,0.0
06310,1967,8760,0,12,0.0
06310,1968,8784,0,12,0.0
06310,1969,8760,0,12,0.0
06310,1970,8760,0,12,0.0
06310,1971,8760,7172,12,0.8187214611872146
06310,1972,8784,8049,12,0.9163251366120219
06310,1973,8760,8759,12,0.9998858447488584
06310,1974,8760,8727,12,0.9962328767123287
06310,1975,8760,8760,12,1.0
06310,1976,8784,8784,12,1.0
06310,1977,8760,8754,12,0.9993150684931507
06310,1978,8760,8705,12,0.9937214611872146
06310,1979,8760,8755,12,0.9994292237442922
06310,1980,8784,8784,12,1.0
06310,1981,8760,8744,12,0.9981735159817352
06310,1982,8760,8661,12,0.9886986301369863
06310,1983,8760,8753,12,0.9992009132420091
06310,1984,8784,8783,12,0.9998861566484517
06310,1985,8760,8756,12,0.9995433789954338
06310,1986,8760,8749,12,0.9987442922374429
06310,1987,8760,8738,12,0.9974885844748859
06310,1988,8784,8783,12,0.9998861566484517
06310,1989,8760,8760,12,1.0
06310,1990,8760,8757,12,0.9996575342465753
06310,1991,8760,8758,12,0.9997716894977169
06310,1992,8784,8784,12,1.0
06310,1993,8760,8753,12,0.9992009132420091
06310,1994,8760,8760,12,1.0
06310,1995,8760,8755,12,0.9994292237442922
06310,1996,8784,8784,12,1.0
06310,1997,8760,8760,12,1.0
06310,1998,8760,8760,12,1.0
06310,1999,8760,8760,12,1.0
06310,2000,8784,8784,12,1.0
06310,2001,8760,8760,12,1.0
06310,2002,8760,8760,12,1.0
06310,2003,8040,8040,11,1.0
06310,2004,8784,8784,12,1.0
06310,2005,8760,8760,12,1.0
06310,2006,8760,8760,12,1.0
06310,2007,8760,8760,12,1.0
06310,2008,8784,8784,12,1.0
06310,2009,8760,8760,12,1.0
06310,2010,8760,8760,12,1.0
06310,2011,8760,8760,12,1.0
06310,2012,8784,8784,12,1.0
06310,2013,8760,8760,12,1.0
06310,2014,8760,8760,12,1.0
06310,2015,8760,8760,12,1.0
06310,2016,8784,8784,12,1.0
06310,2017,8760,8760,12,1.0
06310,2018,8760,8760,12,1.0
06310,2019,8760,8760,12,1.0
06310,2020,8784,8784,12,1.0
06310,2021,8760,8760,12,1.0
06310,2022,8760,8760,12,1.0
06310,2023,8760,8760,12,1.0
06310,2024,8784,8784,12,1.0
06310,2025,8760,8760,12,1.0
06310,2026,3024,3024,5,1.0
06311,1997,8040,8016,12,0.9970149253731343
06311,1998,8760,8760,12,1.0
06311,1999,8760,8760,12,1.0
06311,2000,8784,8784,12,1.0
06311,2001,8760,8760,12,1.0
06311,2002,8760,8760,12,1.0
06311,2003,8040,6310,11,0.7848258706467661
06311,2004,8784,3903,12,0.4443306010928962
06311,2005,8760,8760,12,1.0
06311,2006,8760,8058,12,0.9198630136986301
06311,2007,8760,8760,12,1.0
06311,2008,8784,7780,12,0.8857012750455373
06311,2009,8760,8760,12,1.0
06311,2010,8760,8760,12,1.0
06311,2011,8760,8760,12,1.0
06311,2012,8784,8784,12,1.0
06311,2013,8760,8760,12,1.0
06311,2014,8760,8760,12,1.0
06311,2015,8760,8760,12,1.0
06311,2016,5424,751,8,0.13845870206489674
06312,1982,8760,8560,12,0.9771689497716894
06312,1983,8760,8736,12,0.9972602739726028
06312,1984,8784,8760,12,0.9972677595628415
06312,1985,8760,8701,12,0.9932648401826484
06312,1986,8760,8720,12,0.9954337899543378
06312,1987,8760,8725,12,0.9960045662100456
06312,1988,8784,8487,12,0.9661885245901639
06312,1989,8760,8744,12,0.9981735159817352
06312,1990,8760,8474,12,0.967351598173516
06312,1991,8760,8700,12,0.9931506849315068
06312,1992,8784,8654,12,0.9852003642987249
06312,1993,8760,8564,12,0.9776255707762557
06312,1994,8760,8484,12,0.9684931506849315
06312,1995,8760,8405,12,0.9594748858447488
06312,1996,8784,8784,12,1.0
06312,1997,8760,8760,12,1.0
06312,1998,8760,8760,12,1.0
06312,1999,8760,8760,12,1.0
06312,2000,8784,8784,12,1.0
06312,2001,8760,8760,12,1.0
06312,2002,8760,8760,12,1.0
06312,2003,8040,8040,11,1.0
06312,2004,8784,2899,12,0.3300318761384335
06312,2005,8760,8760,12,1.0
06312,2006,8760,8760,12,1.0
06312,2007,8760,8760,12,1.0
06312,2008,8784,8784,12,1.0
06312,2009,8760,8760,12,1.0
06312,2010,8760,8760,12,1.0
06312,2011,8760,8760,12,1.0
06312,2012,8784,7871,12,0.8960610200364298
06312,2013,8760,8760,12,1.0
06312,2014,8760,8760,12,1.0
06312,2015,8760,8594,12,0.9810502283105023
06312,2016,8784,8784,12,1.0
06312,2017,8760,8760,12,1.0
06312,2018,8760,7772,12,0.8872146118721461
06312,2019,8760,8760,12,1.0
06312,2020,8784,8784,12,1.0
06312,2021,8760,8464,12,0.9662100456621004
06312,2022,8760,8760,12,1.0
06312,2023,8760,8354,12,0.9536529680365297
06312,2024,8784,8633,12,0.9828096539162113
06312,2025,8760,8760,12,1.0
06312,2026,3024,3012,5,0.996031746031746
06313,1997,8040,8016,12,0.9970149253731343
06313,1998,8760,8760,12,1.0
06313,1999,8760,8760,12,1.0
06313,2000,8784,8784,12,1.0
06313,2001,8760,8760,12,1.0
06313,2002,8760,8760,12,1.0
06313,2003,8040,8040,11,1.0
06313,2004,8784,8784,12,1.0
06313,2005,8760,8378,12,0.9563926940639269
06313,2006,8760,8542,12,0.9751141552511415
06313,2007,8760,8760,12,1.0
06313,2008,8784,8784,12,1.0
06313,2009,8760,8760,12,1.0
06313,2010,8760,8760,12,1.0
06313,2011,8760,8760,12,1.0
06313,2012,8784,8784,12,1.0
06313,2013,8760,8376,12,0.9561643835616438
06313,2014,8760,8760,12,1.0
06313,2015,8760,8760,12,1.0
06313,2016,8784,7621,12,0.8676001821493625
06313,2017,8760,8760,12,1.0
06313,2018,8760,8593,12,0.9809360730593607
06313,2019,8760,8760,12,1.0
06313,2020,8784,8784,12,1.0
06313,2021,8760,5854,12,0.6682648401826484
06313,2022,8760,8760,12,1.0
06313,2023,8760,8760,12,1.0
06313,2024,8784,8761,12,0.9973816029143898
06313,2025,8760,8745,12,0.9982876712328768
06313,2026,3024,3024,5,1.0
06315,1997,8040,8016,12,0.9970149253731343
06315,1998,8760,8760,12,1.0
06315,1999,8760,8760,12,1.0
06315,2000,8784,8784,12,1.0
06315,2001,8760,8760,12,1.0
06315,2002,8760,8760,12,1.0
06315,2003,8040,8040,11,1.0
06315,2004,8784,8784,12,1.0
06315,2005,8760,8760,12,1.0
06315,2006,8760,8760,12,1.0
06315,2007,8760,8760,12,1.0
06315,2008,8784,8784,12,1.0
06315,2009,8760,8760,12,1.0
06315,2010,8760,8760,12,1.0
06315,2011,8760,8299,12,0.9473744292237443
06315,2012,8784,8784,12,1.0
06315,2013,8760,8760,12,1.0
06315,2014,8760,8760,12,1.0
06315,2015,8760,8760,12,1.0
06315,2016,8784,8784,12,1.0
06315,2017,8760,8760,12,1.0
06315,2018,8760,8760,12,1.0
06315,2019,8760,8760,12,1.0
06315,2020,8784,8784,12,1.0
06315,2021,8760,8760,12,1.0
06315,2022,8760,8760,12,1.0
06315,2023,8760,8760,12,1.0
06315,2024,8784,8750,12,0.9961293260473588
06315,2025,8760,8760,12,1.0
06315,2026,3024,3024,5,1.0
06316,1983,8760,8558,12,0.9769406392694064
06316,1984,8784,8749,12,0.9960154826958105
06316,1985,8760,8559,12,0.977054794520548
06316,1986,8760,8726,12,0.9961187214611872
06316,1987,8760,8723,12,0.9957762557077625
06316,1988,8784,8612,12,0.9804189435336976
06316,1989,8760,8604,12,0.9821917808219178
06316,1990,8760,8696,12,0.9926940639269406
06316,1991,8760,8724,12,0.9958904109589041
06316,1992,8784,8643,12,0.983948087431694
06316,1993,8760,8621,12,0.9841324200913242
06316,1994,8760,8664,12,0.989041095890411
06316,1995,8760,8684,12,0.991324200913242
06316,1996,8784,8784,12,1.0
06316,1997,8760,8760,12,1.0
06316,1998,8760,8760,12,1.0
06316,1999,8760,8759,12,0.9998858447488584
06316,2000,8784,8784,12,1.0
06316,2001,8760,8760,12,1.0
06316,2002,8760,8760,12,1.0
06316,2003,8040,8040,11,1.0
06316,2004,8784,8784,12,1.0
06316,2005,8760,8249,12,0.9416666666666667
06316,2006,8760,8760,12,1.0
06316,2007,8760,8530,12,0.973744292237443
06316,2008,8784,8701,12,0.9905510018214936
06316,2009,8760,8601,12,0.9818493150684932
06316,2010,8760,8760,12,1.0
06316,2011,8760,8760,12,1.0
06316,2012,8784,8784,12,1.0
06316,2013,8760,8760,12,1.0
06316,2014,8760,4341,12,0.49554794520547946
06316,2015,8760,8760,12,1.0
06316,2016,8784,8784,12,1.0
06316,2017,8760,8760,12,1.0
06316,2018,8760,8760,12,1.0
06316,2019,8760,8760,12,1.0
06316,2020,8784,8784,12,1.0
06316,2021,8760,8760,12,1.0
06316,2022,8760,8760,12,1.0
06316,2023,8760,8688,12,0.9917808219178083
06316,2024,8784,8485,12,0.9659608378870674
06316,2025,8760,8749,12,0.9987442922374429
06316,2026,3024,3012,5,0.996031746031746
06317,2023,4800,4800,7,1.0
06317,2024,8784,8774,12,0.9988615664845173
06317,2025,8760,8757,12,0.9996575342465753
06317,2026,3024,2998,5,0.9914021164021164
06319,1991,4560,4530,7,0.993421052631579
06319,1992,8784,8773,12,0.998747723132969
06319,1993,8760,8636,12,0.9858447488584475
06319,1994,8760,8670,12,0.9897260273972602
06319,1995,8760,8710,12,0.9942922374429224
06319,1996,8784,8784,12,1.0
06319,1997,8760,8760,12,1.0
06319,1998,8760,8760,12,1.0
06319,1999,8760,8760,12,1.0
06319,2000,8784,8784,12,1.0
06319,2001,8760,8760,12,1.0
06319,2002,8760,8760,12,1.0
06319,2003,8040,8040,11,1.0
06319,2004,8784,8784,12,1.0
06319,2005,8760,8760,12,1.0
06319,2006,8760,8760,12,1.0
06319,2007,8760,8760,12,1.0
06319,2008,8784,8784,12,1.0
06319,2009,8760,8760,12,1.0
06319,2010,8760,8760,12,1.0
06319,2011,8760,8760,12,1.0
06319,2012,8784,8784,12,1.0
06319,2013,8760,8760,12,1.0
06319,2014,8760,8760,12,1.0
06319,2015,8760,8760,12,1.0
06319,2016,8784,8784,12,1.0
06319,2017,8760,8760,12,1.0
06319,2018,8760,8760,12,1.0
06319,2019,8760,8760,12,1.0
06319,2020,8784,8784,12,1.0
06319,2021,8760,8760,12,1.0
06319,2022,8760,8760,12,1.0
06319,2023,8760,8760,12,1.0
06319,2024,8784,8784,12,1.0
06319,2025,8760,8760,12,1.0
06319,2026,3024,3024,5,1.0
06320,1981,8760,8151,12,0.9304794520547945
06320,1982,8760,7487,12,0.8546803652968037
06320,1983,8760,8293,12,0.9466894977168949
06320,1984,8784,8582,12,0.9770036429872495
06320,1985,8760,8488,12,0.9689497716894977
06320,1986,8760,4451,12,0.5081050228310502
06320,1987,8760,2232,12,0.2547945205479452
06320,1988,8784,4635,12,0.5276639344262295
06320,1989,8760,6742,12,0.7696347031963471
06320,1990,8760,8103,12,0.925
06320,1991,8760,8039,12,0.9176940639269406
06320,1992,8784,8038,12,0.9150728597449909
06320,1993,8760,8683,12,0.9912100456621005
06320,1994,8760,8650,12,0.9874429223744292
06320,1995,8760,8672,12,0.9899543378995433
06320,1996,8784,8784,12,1.0
06320,1997,8760,8760,12,1.0
06320,1998,8760,8760,12,1.0
06320,1999,8760,8760,12,1.0
06320,2000,8784,8784,12,1.0
06320,2001,8760,8760,12,1.0
06320,2002,8760,8760,12,1.0
06320,2003,8040,8040,11,1.0
06320,2004,8784,8784,12,1.0
06320,2005,8760,8760,12,1.0
06320,2006,8760,8760,12,1.0
06320,2007,8760,8760,12,1.0
06320,2008,8784,8784,12,1.0
06320,2009,8760,8760,12,1.0
06320,2010,8760,8760,12,1.0
06320,2011,8760,8760,12,1.0
06320,2012,8784,8784,12,1.0
06320,2013,8760,8760,12,1.0
06320,2014,8760,8698,12,0.9929223744292237
06320,2015,8760,8751,12,0.998972602739726
06320,2016,8784,8784,12,1.0
06320,2017,8760,8760,12,1.0
06320,2018,8760,8760,12,1.0
06320,2019,8760,8760,12,1.0
06320,2020,8784,8784,12,1.0
06320,2021,8760,8760,12,1.0
06320,2022,8760,7893,12,0.9010273972602739
06320,2023,8760,8760,12,1.0
06320,2024,8784,8730,12,0.9938524590163934
06320,2025,8760,8760,12,1.0
06320,2026,3024,3024,5,1.0
06321,1996,4416,4416,6,1.0
06321,1997,8760,8760,12,1.0
06321,1998,8760,8758,12,0.9997716894977169
06321,1999,8760,8760,12,1.0
06321,2000,8784,8784,12,1.0
06321,2001,8760,8760,12,1.0
06321,2002,8760,8760,12,1.0
06321,2003,8040,8040,11,1.0
06321,2004,8784,8784,12,1.0
06321,2005,8760,8760,12,1.0
06321,2006,8760,8760,12,1.0
06321,2007,8760,8760,12,1.0
06321,2008,8784,8784,12,1.0
06321,2009,8760,8760,12,1.0
06321,2010,8760,8760,12,1.0
06321,2011,8760,8760,12,1.0
06321,2012,8784,8784,12,1.0
06321,2013,8760,8641,12,0.9864155251141552
06321,2014,8760,8380,12,0.95662100456621
06321,2015,8760,7601,12,0.8676940639269406
06321,2016,8784,7753,12,0.8826275045537341
06321,2017,8760,8760,12,1.0
06321,2018,8760,8735,12,0.9971461187214612
06321,2019,8760,8683,12,0.9912100456621005
06321,2020,8784,8774,12,0.9988615664845173
06321,2021,8760,8760,12,1.0
06321,2022,8760,8661,12,0.9886986301369863
06321,2023,8760,8640,12,0.9863013698630136
06321,2024,8784,8672,12,0.9872495446265938
06321,2025,8760,8760,12,1.0
06321,2026,3024,2707,5,0.8951719576719577
06323,1989,1066,862,2,0.8086303939962477
06323,1990,8544,8318,12,0.9735486891385767
06323,1991,8760,8708,12,0.9940639269406393
06323,1992,8784,8740,12,0.9949908925318761
06323,1993,8760,8653,12,0.9877853881278539
06323,1994,8760,8734,12,0.9970319634703196
06323,1995,8760,8755,12,0.9994292237442922
06323,1996,8784,8784,12,1.0
06323,1997,8760,8760,12,1.0
06323,1998,8760,8760,12,1.0
06323,1999,8760,8760,12,1.0
06323,2000,8784,8784,12,1.0
06323,2001,8760,8760,12,1.0
06323,2002,8760,8760,12,1.0
06323,2003,8040,8040,11,1.0
06323,2004,8784,8784,12,1.0
06323,2005,8760,8760,12,1.0
06323,2006,8760,8760,12,1.0
06323,2007,8760,8760,12,1.0
06323,2008,8784,8784,12,1.0
06323,2009,8760,8760,12,1.0
06323,2010,8760,8760,12,1.0
06323,2011,8760,8760,12,1.0
06323,2012,8784,8784,12,1.0
06323,2013,8760,8760,12,1.0
06323,2014,744,130,1,0.17473118279569894
06323,2017,432,432,1,1.0
06323,2018,8760,8760,12,1.0
06323,2019,8760,8760,12,1.0
06323,2020,8784,8784,12,1.0
06323,2021,8760,8760,12,1.0
06323,2022,8760,8696,12,0.9926940639269406
06323,2023,8760,8760,12,1.0
06323,2024,8784,8735,12,0.9944216757741348
06323,2025,8760,8760,12,1.0
06323,2026,3024,3024,5,1.0
06324,1997,2208,2208,3,1.0
06324,1998,8760,8760,12,1.0
06324,1999,8760,8760,12,1.0
06324,2000,8784,8784,12,1.0
06324,2001,8760,8760,12,1.0
06324,2002,8760,8760,12,1.0
06324,2003,8040,8040,11,1.0
06324,2004,8784,8784,12,1.0
06324,2005,8760,8760,12,1.0
06324,2006,8760,8409,12,0.959931506849315
06324,2007,8760,8760,12,1.0
06324,2008,8784,8784,12,1.0
06324,2009,8760,8760,12,1.0
06324,2010,8760,8760,12,1.0
06324,2011,8760,8760,12,1.0
06324,2012,8784,8784,12,1.0
06324,2013,8760,8760,12,1.0
06324,2014,8760,8760,12,1.0
06324,2015,8760,8760,12,1.0
06324,2016,8784,8784,12,1.0
06324,2017,8760,8760,12,1.0
06324,2018,8760,8760,12,1.0
06324,2019,8760,8760,12,1.0
06324,2020,8784,8784,12,1.0
06324,2021,8760,8760,12,1.0
06324,2022,8760,8732,12,0.9968036529680365
06324,2023,8760,8760,12,1.0
06324,2024,8784,8784,12,1.0
06324,2025,8760,8753,12,0.9992009132420091
06324,2026,3024,3024,5,1.0
06330,1971,8760,0,12,0.0
06330,1972,8784,0,12,0.0
06330,1973,8760,0,12,0.0
06330,1974,8760,0,12,0.0
06330,1975,8760,0,12,0.0
06330,1976,8784,0,12,0.0
06330,1977,8760,0,12,0.0
06330,1978,8760,0,12,0.0
06330,1979,8760,0,12,0.0
06330,1980,8784,0,12,0.0
06330,1981,8760,8387,12,0.9574200913242009
06330,1982,8760,7803,12,0.8907534246575343
06330,1983,8760,7937,12,0.9060502283105023
06330,1984,8784,8630,12,0.9824681238615665
06330,1985,8760,8518,12,0.9723744292237443
06330,1986,8760,8597,12,0.9813926940639269
06330,1987,8760,8576,12,0.9789954337899544
06330,1988,8784,8455,12,0.9625455373406193
06330,1989,8760,8551,12,0.9761415525114155
06330,1990,8760,8608,12,0.982648401826484
06330,1991,8760,8547,12,0.9756849315068493
06330,1992,8784,8552,12,0.9735883424408015
06330,1993,8760,8522,12,0.9728310502283105
06330,1994,8760,8624,12,0.9844748858447488
06330,1995,8760,8569,12,0.9781963470319635
06330,1996,8784,8784,12,1.0
06330,1997,8760,8760,12,1.0
06330,1998,8760,8760,12,1.0
06330,1999,8760,8760,12,1.0
06330,2000,8784,8784,12,1.0
06330,2001,8760,8760,12,1.0
06330,2002,8760,8760,12,1.0
06330,2003,8040,8040,11,1.0
06330,2004,8784,8784,12,1.0
06330,2005,8760,8760,12,1.0
06330,2006,8760,8760,12,1.0
06330,2007,8760,8760,12,1.0
06330,2008,8784,8784,12,1.0
06330,2009,8760,8760,12,1.0
06330,2010,8760,8760,12,1.0
06330,2011,8760,8760,12,1.0
06330,2012,8784,8784,12,1.0
06330,2013,8760,8760,12,1.0
06330,2014,8760,8760,12,1.0
06330,2015,8760,8760,12,1.0
06330,2016,8784,8784,12,1.0
06330,2017,8760,8760,12,1.0
06330,2018,8760,8760,12,1.0
06330,2019,8760,8760,12,1.0
06330,2020,8784,8784,12,1.0
06330,2021,8760,8760,12,1.0
06330,2022,8760,8760,12,1.0
06330,2023,8760,8760,12,1.0
06330,2024,8784,8754,12,0.9965846994535519
06330,2025,8760,8760,12,1.0
06330,2026,3024,3024,5,1.0
06331,1981,8760,6164,12,0.7036529680365297
06331,1982,8760,8319,12,0.9496575342465754
06331,1983,8760,8709,12,0.9941780821917808
06331,1984,8784,8739,12,0.9948770491803278
06331,1985,8760,6015,12,0.6866438356164384
06331,1986,8760,8654,12,0.9878995433789954
06331,1987,8760,8617,12,0.983675799086758
06331,1988,8784,8521,12,0.9700591985428051
06331,1989,8760,8644,12,0.9867579908675799
06331,1990,8760,8674,12,0.9901826484018265
06331,1991,8760,7649,12,0.8731735159817352
06331,1992,8784,8702,12,0.9906648451730419
06331,1993,8760,8686,12,0.9915525114155251
06331,1994,8760,8721,12,0.9955479452054794
06331,1995,8760,8719,12,0.9953196347031964
06331,1996,8784,8784,12,1.0
06331,1997,8760,8760,12,1.0
06331,1998,8760,8760,12,1.0
06331,1999,8760,8760,12,1.0
06331,2000,8784,8784,12,1.0
06331,2001,8760,8760,12,1.0
06331,2002,8760,8760,12,1.0
06331,2003,8040,6590,11,0.8196517412935324
06331,2004,8784,8784,12,1.0
06331,2005,8760,8760,12,1.0
06331,2006,8760,8760,12,1.0
06331,2007,8760,8760,12,1.0
06331,2008,8784,8784,12,1.0
06331,2009,8760,8760,12,1.0
06331,2010,8760,8760,12,1.0
06331,2011,8760,8760,12,1.0
06331,2012,8784,8496,12,0.9672131147540983
06331,2013,8760,8448,12,0.9643835616438357
06331,2014,8760,8760,12,1.0
06331,2015,8760,8760,12,1.0
06331,2016,8784,8593,12,0.9782559198542805
06331,2017,8760,8760,12,1.0
06331,2018,8760,8760,12,1.0
06331,2019,8760,8760,12,1.0
06331,2020,8784,6446,12,0.7338342440801457
06331,2021,8760,0,12,0.0
06331,2022,8760,2798,12,0.3194063926940639
06331,2023,8760,8739,12,0.9976027397260274
06331,2024,8784,8561,12,0.9746129326047359
06331,2025,8760,8698,12,0.9929223744292237
06331,2026,3024,3024,5,1.0
06340,1993,6600,0,9,0.0
06340,1994,8760,0,12,0.0
06340,1995,8760,0,12,0.0
06340,1996,8784,8784,12,1.0
06340,1997,8760,8760,12,1.0
06340,1998,8760,8760,12,1.0
06340,1999,8760,8760,12,1.0
06340,2000,8784,8784,12,1.0
06340,2001,8760,8760,12,1.0
06340,2002,8760,8760,12,1.0
06340,2003,8040,8040,11,1.0
06340,2004,8784,8784,12,1.0
06340,2005,8760,8760,12,1.0
06340,2006,8760,8760,12,1.0
06340,2007,8760,8760,12,1.0
06340,2008,8784,8784,12,1.0
06340,2009,8760,8760,12,1.0
06340,2010,8760,8760,12,1.0
06340,2011,8760,8760,12,1.0
06340,2012,8784,8784,12,1.0
06340,2013,8760,8760,12,1.0
06340,2014,8760,8760,12,1.0
06340,2015,8760,8760,12,1.0
06340,2016,8784,8784,12,1.0
06340,2017,8760,8760,12,1.0
06340,2018,8760,8760,12,1.0
06340,2019,8760,8760,12,1.0
06340,2020,8784,8784,12,1.0
06340,2021,8760,8760,12,1.0
06340,2022,8760,8760,12,1.0
06340,2023,8760,8760,12,1.0
06340,2024,8784,8784,12,1.0
06340,2025,8760,8760,12,1.0
06340,2026,3024,3024,5,1.0
06343,1991,8760,8248,12,0.9415525114155251
06343,1992,8784,8748,12,0.9959016393442623
06343,1993,8760,8715,12,0.9948630136986302
06343,1994,8760,8758,12,0.9997716894977169
06343,1995,8760,8591,12,0.9807077625570776
06343,1996,8784,8784,12,1.0
06343,1997,8760,8760,12,1.0
06343,1998,8760,8760,12,1.0
06343,1999,8760,8760,12,1.0
06343,2000,8784,8784,12,1.0
06343,2001,8760,8760,12,1.0
06343,2002,8760,8760,12,1.0
06343,2003,8040,8040,11,1.0
06343,2004,8784,8784,12,1.0
06343,2005,8760,8760,12,1.0
06343,2006,8760,8760,12,1.0
06343,2007,8760,8760,12,1.0
06343,2008,8784,8490,12,0.9665300546448088
06343,2009,8760,8760,12,1.0
06343,2010,8760,8760,12,1.0
06343,2011,8760,8251,12,0.9418949771689498
06343,2012,8784,8784,12,1.0
06343,2013,8760,8760,12,1.0
06343,2014,8760,8760,12,1.0
06343,2015,8760,8760,12,1.0
06343,2016,8784,8784,12,1.0
06343,2017,8760,8760,12,1.0
06343,2018,8760,8760,12,1.0
06343,2019,8760,8760,12,1.0
06343,2020,8784,8784,12,1.0
06343,2021,8760,8760,12,1.0
06343,2022,8760,8760,12,1.0
06343,2023,8760,8760,12,1.0
06343,2024,8784,8784,12,1.0
06343,2025,8760,8760,12,1.0
06343,2026,3024,3024,5,1.0
06344,1956,2184,0,3,0.0
06344,1957,8760,0,12,0.0
06344,1958,8760,0,12,0.0
06344,1959,8760,0,12,0.0
06344,1960,8784,0,12,0.0
06344,1961,8760,0,12,0.0
06344,1962,8760,0,12,0.0
06344,1963,8760,0,12,0.0
06344,1964,8784,0,12,0.0
06344,1965,8760,0,12,0.0
06344,1966,8760,0,12,0.0
06344,1967,8760,0,12,0.0
06344,1968,8784,0,12,0.0
06344,1969,8760,0,12,0.0
06344,1970,8760,1,12,0.00011415525114155251
06344,1971,8760,8759,12,0.9998858447488584
06344,1972,8784,8784,12,1.0
06344,1973,8760,8760,12,1.0
06344,1974,8760,8759,12,0.9998858447488584
06344,1975,8760,8760,12,1.0
06344,1976,8784,8784,12,1.0
06344,1977,8760,8760,12,1.0
06344,1978,8760,8760,12,1.0
06344,1979,8760,8756,12,0.9995433789954338
06344,1980,8784,8783,12,0.9998861566484517
06344,1981,8760,8744,12,0.9981735159817352
06344,1982,8760,8752,12,0.9990867579908675
06344,1983,8760,8760,12,1.0
06344,1984,8784,8765,12,0.9978369763205829
06344,1985,8760,8760,12,1.0
06344,1986,8760,8733,12,0.9969178082191781
06344,1987,8760,8742,12,0.9979452054794521
06344,1988,8784,8774,12,0.9988615664845173
06344,1989,8760,8760,12,1.0
06344,1990,8760,8735,12,0.9971461187214612
06344,1991,8760,8759,12,0.9998858447488584
06344,1992,8784,8777,12,0.9992030965391621
06344,1993,8760,8710,12,0.9942922374429224
06344,1994,8760,8760,12,1.0
06344,1995,8760,8755,12,0.9994292237442922
06344,1996,8784,8784,12,1.0
06344,1997,8760,8760,12,1.0
06344,1998,8760,8760,12,1.0
06344,1999,8760,8760,12,1.0
06344,2000,8784,8784,12,1.0
06344,2001,8760,8760,12,1.0
06344,2002,8760,8760,12,1.0
06344,2003,8040,8040,11,1.0
06344,2004,8784,8784,12,1.0
06344,2005,8760,8760,12,1.0
06344,2006,8760,8760,12,1.0
06344,2007,8760,8760,12,1.0
06344,2008,8784,8784,12,1.0
06344,2009,8760,8760,12,1.0
06344,2010,8760,8760,12,1.0
06344,2011,8760,8760,12,1.0
06344,2012,8784,8784,12,1.0
06344,2013,8760,8760,12,1.0
06344,2014,8760,8760,12,1.0
06344,2015,8760,8760,12,1.0
06344,2016,8784,8784,12,1.0
06344,2017,8760,8760,12,1.0
06344,2018,8760,8760,12,1.0
06344,2019,8760,8760,12,1.0
06344,2020,8784,8784,12,1.0
06344,2021,8760,8760,12,1.0
06344,2022,8760,8760,12,1.0
06344,2023,8760,8760,12,1.0
06344,2024,8784,8784,12,1.0
06344,2025,8760,8760,12,1.0
06344,2026,3024,3024,5,1.0
06348,1986,6600,5803,9,0.8792424242424243
06348,1987,8760,8220,12,0.9383561643835616
06348,1988,8784,7952,12,0.9052823315118397
06348,1989,8760,8414,12,0.9605022831050228
06348,1990,8760,8365,12,0.9549086757990868
06348,1991,8760,8196,12,0.9356164383561644
06348,1992,8784,8530,12,0.9710837887067395
06348,1993,8760,8426,12,0.9618721461187215
06348,1994,8760,8508,12,0.9712328767123287
06348,1995,8760,8670,12,0.9897260273972602
06348,1996,8784,8784,12,1.0
06348,1997,8760,8760,12,1.0
06348,1998,8760,8760,12,1.0
06348,1999,8760,8760,12,1.0
06348,2000,8784,8784,12,1.0
06348,2001,8760,8760,12,1.0
06348,2002,8760,8760,12,1.0
06348,2003,8040,8040,11,1.0
06348,2004,8784,8784,12,1.0
06348,2005,8760,8760,12,1.0
06348,2006,8760,8760,12,1.0
06348,2007,8760,8760,12,1.0
06348,2008,8784,8784,12,1.0
06348,2009,8760,8760,12,1.0
06348,2010,8760,8760,12,1.0
06348,2011,8760,8760,12,1.0
06348,2012,8784,8784,12,1.0
06348,2013,8760,8760,12,1.0
06348,2014,8760,8760,12,1.0
06348,2015,8760,8760,12,1.0
06348,2016,8784,8784,12,1.0
06348,2017,8760,8760,12,1.0
06348,2018,8760,8760,12,1.0
06348,2019,8760,8760,12,1.0
06348,2020,8784,8784,12,1.0
06348,2021,8760,8760,12,1.0
06348,2022,8760,8760,12,1.0
06348,2023,8760,8760,12,1.0
06348,2024,8784,8784,12,1.0
06348,2025,8760,8760,12,1.0
06348,2026,3024,3024,5,1.0
06350,1951,8760,0,12,0.0
06350,1952,8784,0,12,0.0
06350,1953,8760,0,12,0.0
06350,1954,8760,0,12,0.0
06350,1955,8760,0,12,0.0
06350,1956,8760,0,12,0.0
06350,1957,8760,0,12,0.0
06350,1958,8760,0,12,0.0
06350,1959,8760,0,12,0.0
06350,1960,8784,0,12,0.0
06350,1961,8760,0,12,0.0
06350,1962,8760,0,12,0.0
06350,1963,8760,0,12,0.0
06350,1964,8784,0,12,0.0
06350,1965,8760,0,12,0.0
06350,1966,8760,0,12,0.0
06350,1967,8760,0,12,0.0
06350,1968,8784,0,12,0.0
06350,1969,8760,0,12,0.0
06350,1970,8760,1,12,0.00011415525114155251
06350,1971,8760,8750,12,0.9988584474885844
06350,1972,8784,8773,12,0.998747723132969
06350,1973,8760,8742,12,0.9979452054794521
06350,1974,8760,8742,12,0.9979452054794521
06350,1975,8760,8748,12,0.9986301369863013
06350,1976,8784,8773,12,0.998747723132969
06350,1977,8760,8758,12,0.9997716894977169
06350,1978,8760,8670,12,0.9897260273972602
06350,1979,8760,8728,12,0.9963470319634703
06350,1980,8784,8777,12,0.9992030965391621
06350,1981,8760,8460,12,0.9657534246575342
06350,1982,8760,8735,12,0.9971461187214612
06350,1983,8760,8681,12,0.9909817351598174
06350,1984,8784,8599,12,0.9789389799635702
06350,1985,8760,8743,12,0.9980593607305936
06350,1986,8760,8757,12,0.9996575342465753
06350,1987,8760,8756,12,0.9995433789954338
06350,1988,8784,8782,12,0.9997723132969034
06350,1989,8760,8748,12,0.9986301369863013
06350,1990,8760,8481,12,0.9681506849315068
06350,1991,8760,8633,12,0.9855022831050229
06350,1992,8784,8768,12,0.9981785063752276
06350,1993,8760,8596,12,0.9812785388127854
06350,1994,8760,8747,12,0.9985159817351598
06350,1995,8760,8752,12,0.9990867579908675
06350,1996,8784,8784,12,1.0
06350,1997,8760,8760,12,1.0
06350,1998,8760,8760,12,1.0
06350,1999,8760,8760,12,1.0
06350,2000,8784,8784,12,1.0
06350,2001,8760,8760,12,1.0
06350,2002,8760,8760,12,1.0
06350,2003,8040,8040,11,1.0
06350,2004,8784,8784,12,1.0
06350,2005,8760,8760,12,1.0
06350,2006,8760,8760,12,1.0
06350,2007,8760,8760,12,1.0
06350,2008,8784,8784,12,1.0
06350,2009,8760,8760,12,1.0
06350,2010,8760,8760,12,1.0
06350,2011,8760,8760,12,1.0
06350,2012,8784,8784,12,1.0
06350,2013,8760,8760,12,1.0
06350,2014,8760,8760,12,1.0
06350,2015,8760,8760,12,1.0
06350,2016,8784,8784,12,1.0
06350,2017,8760,8760,12,1.0
06350,2018,8760,8760,12,1.0
06350,2019,8760,8760,12,1.0
06350,2020,8784,8784,12,1.0
06350,2021,8760,8760,12,1.0
06350,2022,8760,8760,12,1.0
06350,2023,8760,8760,12,1.0
06350,2024,8784,8784,12,1.0
06350,2025,8760,8760,12,1.0
06350,2026,3024,3024,5,1.0
06356,1989,2112,1382,3,0.6543560606060606
06356,1990,8760,8113,12,0.9261415525114155
06356,1991,8760,8708,12,0.9940639269406393
06356,1992,8784,8606,12,0.979735883424408
06356,1993,8760,8656,12,0.9881278538812786
06356,1994,8760,8732,12,0.9968036529680365
06356,1995,8760,8759,12,0.9998858447488584
06356,1996,8784,8784,12,1.0
06356,1997,8760,8760,12,1.0
06356,1998,8760,8760,12,1.0
06356,1999,8760,8760,12,1.0
06356,2000,8784,8784,12,1.0
06356,2001,8760,8760,12,1.0
06356,2002,8760,8760,12,1.0
06356,2003,8040,8040,11,1.0
06356,2004,8784,8784,12,1.0
06356,2005,8760,8760,12,1.0
06356,2006,8760,8760,12,1.0
06356,2007,8760,8760,12,1.0
06356,2008,8784,8784,12,1.0
06356,2009,8760,8760,12,1.0
06356,2010,8760,8760,12,1.0
06356,2011,8760,8760,12,1.0
06356,2012,8784,8784,12,1.0
06356,2013,8760,8760,12,1.0
06356,2014,8760,8760,12,1.0
06356,2015,8760,8760,12,1.0
06356,2016,8784,8784,12,1.0
06356,2017,8760,8760,12,1.0
06356,2018,8760,8760,12,1.0
06356,2019,8760,8760,12,1.0
06356,2020,8784,8784,12,1.0
06356,2021,8760,8695,12,0.992579908675799
06356,2022,8760,8760,12,1.0
06356,2023,8760,8760,12,1.0
06356,2024,8784,8784,12,1.0
06356,2025,8760,8760,12,1.0
06356,2026,3024,3024,5,1.0
06370,1951,8760,0,12,0.0
06370,1952,8784,0,12,0.0
06370,1953,8760,0,12,0.0
06370,1954,8760,0,12,0.0
06370,1955,8760,0,12,0.0
06370,1956,8760,0,12,0.0
06370,1957,8760,0,12,0.0
06370,1958,8760,0,12,0.0
06370,1959,8760,0,12,0.0
06370,1960,8784,0,12,0.0
06370,1961,8760,0,12,0.0
06370,1962,8760,0,12,0.0
06370,1963,8760,0,12,0.0
06370,1964,8784,0,12,0.0
06370,1965,8760,0,12,0.0
06370,1966,8760,0,12,0.0
06370,1967,8760,0,12,0.0
06370,1968,8784,0,12,0.0
06370,1969,8760,0,12,0.0
06370,1970,8760,1,12,0.00011415525114155251
06370,1971,8760,8747,12,0.9985159817351598
06370,1972,8784,8749,12,0.9960154826958105
06370,1973,8760,8586,12,0.9801369863013699
06370,1974,8760,8754,12,0.9993150684931507
06370,1975,8760,8759,12,0.9998858447488584
06370,1976,8784,8696,12,0.9899817850637522
06370,1977,8760,8760,12,1.0
06370,1978,8760,8752,12,0.9990867579908675
06370,1979,8760,8729,12,0.9964611872146119
06370,1980,8784,8767,12,0.9980646630236795
06370,1981,8760,8754,12,0.9993150684931507
06370,1982,8760,8571,12,0.9784246575342466
06370,1983,8760,8748,12,0.9986301369863013
06370,1984,8784,8780,12,0.9995446265938069
06370,1985,8760,8742,12,0.9979452054794521
06370,1986,8760,8743,12,0.9980593607305936
06370,1987,8760,8751,12,0.998972602739726
06370,1988,8784,8783,12,0.9998861566484517
06370,1989,8760,8747,12,0.9985159817351598
06370,1990,8760,8759,12,0.9998858447488584
06370,1991,8760,8718,12,0.9952054794520548
06370,1992,8784,8648,12,0.9845173041894353
06370,1993,8760,8672,12,0.9899543378995433
06370,1994,8760,8758,12,0.9997716894977169
06370,1995,8760,8753,12,0.9992009132420091
06370,1996,8784,8784,12,1.0
06370,1997,8760,8760,12,1.0
06370,1998,8760,8760,12,1.0
06370,1999,8760,8760,12,1.0
06370,2000,8784,8784,12,1.0
06370,2001,8760,8760,12,1.0
06370,2002,8760,8760,12,1.0
06370,2003,8040,8040,11,1.0
06370,2004,8784,8784,12,1.0
06370,2005,8760,8760,12,1.0
06370,2006,8760,8760,12,1.0
06370,2007,8760,8760,12,1.0
06370,2008,8784,8784,12,1.0
06370,2009,8760,8760,12,1.0
06370,2010,8760,8760,12,1.0
06370,2011,8760,8760,12,1.0
06370,2012,8784,8784,12,1.0
06370,2013,8760,8760,12,1.0
06370,2014,8760,8760,12,1.0
06370,2015,8760,8760,12,1.0
06370,2016,8784,8784,12,1.0
06370,2017,8760,8760,12,1.0
06370,2018,8760,8760,12,1.0
06370,2019,8760,8760,12,1.0
06370,2020,8784,8784,12,1.0
06370,2021,8760,8760,12,1.0
06370,2022,8760,8760,12,1.0
06370,2023,8760,8760,12,1.0
06370,2024,8784,8784,12,1.0
06370,2025,8760,8760,12,1.0
06370,2026,3024,3024,5,1.0
06375,1951,8016,0,11,0.0
06375,1952,8784,0,12,0.0
06375,1953,8760,0,12,0.0
06375,1954,8760,0,12,0.0
06375,1955,8760,0,12,0.0
06375,1956,8760,0,12,0.0
06375,1957,8760,0,12,0.0
06375,1958,8760,0,12,0.0
06375,1959,8760,0,12,0.0
06375,1960,8784,0,12,0.0
06375,1961,8760,0,12,0.0
06375,1962,8760,0,12,0.0
06375,1963,8760,0,12,0.0
06375,1964,8784,0,12,0.0
06375,1965,8760,0,12,0.0
06375,1966,8760,0,12,0.0
06375,1967,8760,0,12,0.0
06375,1968,8784,0,12,0.0
06375,1969,8760,0,12,0.0
06375,1970,8760,1,12,0.00011415525114155251
06375,1971,8760,8753,12,0.9992009132420091
06375,1972,8784,8768,12,0.9981785063752276
06375,1973,8760,8738,12,0.9974885844748859
06375,1974,8760,8545,12,0.9754566210045662
06375,1975,8760,8625,12,0.9845890410958904
06375,1976,8784,8780,12,0.9995446265938069
06375,1977,8760,8746,12,0.9984018264840183
06375,1978,8760,8743,12,0.9980593607305936
06375,1979,8760,8679,12,0.9907534246575342
06375,1980,8784,8739,12,0.9948770491803278
06375,1981,8760,8674,12,0.9901826484018265
06375,1982,8760,8625,12,0.9845890410958904
06375,1983,8760,8759,12,0.9998858447488584
06375,1984,8784,8732,12,0.99408014571949
06375,1985,8760,8749,12,0.9987442922374429
06375,1986,8760,8743,12,0.9980593607305936
06375,1987,8760,8759,12,0.9998858447488584
06375,1988,8784,8780,12,0.9995446265938069
06375,1989,8760,8338,12,0.9518264840182649
06375,1990,8760,8634,12,0.9856164383561644
06375,1991,8760,8557,12,0.9768264840182649
06375,1992,8784,8756,12,0.9968123861566485
06375,1993,8760,8579,12,0.979337899543379
06375,1994,8760,8734,12,0.9970319634703196
06375,1995,8760,8690,12,0.9920091324200914
06375,1996,8784,8784,12,1.0
06375,1997,8760,8760,12,1.0
06375,1998,8760,8760,12,1.0
06375,1999,8760,8760,12,1.0
06375,2000,8784,8784,12,1.0
06375,2001,8760,8760,12,1.0
06375,2002,8760,8760,12,1.0
06375,2003,8040,8040,11,1.0
06375,2004,8784,8784,12,1.0
06375,2005,8760,8760,12,1.0
06375,2006,8760,8760,12,1.0
06375,2007,8760,8760,12,1.0
06375,2008,8784,8784,12,1.0
06375,2009,8760,8760,12,1.0
06375,2010,8760,8760,12,1.0
06375,2011,8760,8760,12,1.0
06375,2012,8784,8784,12,1.0
06375,2013,8760,8760,12,1.0
06375,2014,8760,8760,12,1.0
06375,2015,8760,8760,12,1.0
06375,2016,8784,8784,12,1.0
06375,2017,8760,8760,12,1.0
06375,2018,8760,8760,12,1.0
06375,2019,8760,8760,12,1.0
06375,2020,8784,8784,12,1.0
06375,2021,8760,8760,12,1.0
06375,2022,8760,8760,12,1.0
06375,2023,8760,8760,12,1.0
06375,2024,8784,8784,12,1.0
06375,2025,8760,8721,12,0.9955479452054794
06375,2026,3024,3024,5,1.0
06377,1999,4416,4091,6,0.9264039855072463
06377,2000,8784,8784,12,1.0
06377,2001,8760,8760,12,1.0
06377,2002,8760,8760,12,1.0
06377,2003,8040,8040,11,1.0
06377,2004,8784,8784,12,1.0
06377,2005,8760,8760,12,1.0
06377,2006,8760,8760,12,1.0
06377,2007,8760,8760,12,1.0
06377,2008,8784,8784,12,1.0
06377,2009,8760,8760,12,1.0
06377,2010,8760,8760,12,1.0
06377,2011,8760,8760,12,1.0
06377,2012,8784,8784,12,1.0
06377,2013,8760,8760,12,1.0
06377,2014,8760,8760,12,1.0
06377,2015,8760,8760,12,1.0
06377,2016,8784,8784,12,1.0
06377,2017,8760,8760,12,1.0
06377,2018,8760,8760,12,1.0
06377,2019,8760,8760,12,1.0
06377,2020,8784,8784,12,1.0
06377,2021,8760,8760,12,1.0
06377,2022,8760,8760,12,1.0
06377,2023,8760,8760,12,1.0
06377,2024,8784,8784,12,1.0
06377,2025,8760,8760,12,1.0
06377,2026,3024,3024,5,1.0
06380,1951,8760,0,12,0.0
06380,1952,8784,0,12,0.0
06380,1953,8760,0,12,0.0
06380,1954,8760,0,12,0.0
06380,1955,8760,0,12,0.0
06380,1956,8760,0,12,0.0
06380,1957,6,0,1,0.0
06380,1958,8760,0,12,0.0
06380,1959,8760,0,12,0.0
06380,1960,8784,0,12,0.0
06380,1961,8760,0,12,0.0
06380,1962,8760,0,12,0.0
06380,1963,8760,0,12,0.0
06380,1964,8784,0,12,0.0
06380,1965,8760,0,12,0.0
06380,1966,8760,0,12,0.0
06380,1967,8760,0,12,0.0
06380,1968,8784,0,12,0.0
06380,1969,8760,0,12,0.0
06380,1970,8760,0,12,0.0
06380,1971,8760,8758,12,0.9997716894977169
06380,1972,8784,8731,12,0.9939663023679417
06380,1973,8760,8752,12,0.9990867579908675
06380,1974,8760,8738,12,0.9974885844748859
06380,1975,8760,8745,12,0.9982876712328768
06380,1976,8784,8782,12,0.9997723132969034
06380,1977,8760,8757,12,0.9996575342465753
06380,1978,8760,8757,12,0.9996575342465753
06380,1979,8760,8673,12,0.9900684931506849
06380,1980,8784,8783,12,0.9998861566484517
06380,1981,8760,8750,12,0.9988584474885844
06380,1982,8760,8746,12,0.9984018264840183
06380,1983,8760,8686,12,0.9915525114155251
06380,1984,8784,8784,12,1.0
06380,1985,8760,8638,12,0.9860730593607306
06380,1986,8760,8747,12,0.9985159817351598
06380,1987,8760,8742,12,0.9979452054794521
06380,1988,8784,8775,12,0.9989754098360656
06380,1989,8760,8755,12,0.9994292237442922
06380,1990,8760,8735,12,0.9971461187214612
06380,1991,8760,8759,12,0.9998858447488584
06380,1992,8784,8780,12,0.9995446265938069
06380,1993,8760,8733,12,0.9969178082191781
06380,1994,8760,8752,12,0.9990867579908675
06380,1995,8760,8750,12,0.9988584474885844
06380,1996,8784,8784,12,1.0
06380,1997,8760,8760,12,1.0
06380,1998,8760,8760,12,1.0
06380,1999,8760,8760,12,1.0
06380,2000,8784,8784,12,1.0
06380,2001,8760,8760,12,1.0
06380,2002,8760,8760,12,1.0
06380,2003,8040,8040,11,1.0
06380,2004,8784,8784,12,1.0
06380,2005,8760,8760,12,1.0
06380,2006,8760,8760,12,1.0
06380,2007,8760,8760,12,1.0
06380,2008,8784,8784,12,1.0
06380,2009,8760,8760,12,1.0
06380,2010,8760,8760,12,1.0
06380,2011,8760,8760,12,1.0
06380,2012,8784,8784,12,1.0
06380,2013,8760,8760,12,1.0
06380,2014,8760,8760,12,1.0
06380,2015,8760,8760,12,1.0
06380,2016,8784,8784,12,1.0
06380,2017,8760,8760,12,1.0
06380,2018,8760,8760,12,1.0
06380,2019,8760,8760,12,1.0
06380,2020,8784,8784,12,1.0
06380,2021,8760,8760,12,1.0
06380,2022,8760,8760,12,1.0
06380,2023,8760,8760,12,1.0
06380,2024,8784,8784,12,1.0
06380,2025,8760,8760,12,1.0
06380,2026,3024,3024,5,1.0
06391,1990,4409,4328,7,0.9816284871853028
06391,1991,8760,8723,12,0.9957762557077625
06391,1992,8784,8610,12,0.980191256830601
06391,1993,8760,8689,12,0.9918949771689498
06391,1994,8760,8717,12,0.9950913242009133
06391,1995,8760,8672,12,0.9899543378995433
06391,1996,8784,8784,12,1.0
06391,1997,8760,8760,12,1.0
06391,1998,8760,8760,12,1.0
06391,1999,8760,8760,12,1.0
06391,2000,8784,8784,12,1.0
06391,2001,8760,8760,12,1.0
06391,2002,8760,8760,12,1.0
06391,2003,8040,8040,11,1.0
06391,2004,8784,8784,12,1.0
06391,2005,8760,8760,12,1.0
06391,2006,8760,8760,12,1.0
06391,2007,8760,8760,12,1.0
06391,2008,8784,8784,12,1.0
06391,2009,8760,8760,12,1.0
06391,2010,8760,8760,12,1.0
06391,2011,8760,8760,12,1.0
06391,2012,8784,8784,12,1.0
06391,2013,8760,8760,12,1.0
06391,2014,8760,8760,12,1.0
06391,2015,8760,8760,12,1.0
06391,2016,8784,8784,12,1.0
06391,2017,8760,8760,12,1.0
06391,2018,8760,8760,12,1.0
06391,2019,8760,8760,12,1.0
06391,2020,8784,8784,12,1.0
06391,2021,8760,8760,12,1.0
06391,2022,8760,8614,12,0.9833333333333333
06391,2023,8760,8760,12,1.0
06391,2024,8784,8784,12,1.0
06391,2025,6551,6551,9,1.0
06392,2025,8232,8232,12,1.0
06392,2026,3024,3024,5,1.0
